{
  "type": "FeatureCollection",
  "features": [
    {
      "type": "Feature",
      "geometry": {
        "type": "Polygon",
        "coordinates": [
          [
            [
              33.2216568,
              52.0141079
            ],
            [
              33.2220992,
              52.0132795
            ],
            [
              33.2222112,
              52.0130035
            ],
            [
              33.223682,
              52.0134134
            ],
            [
              33.2261825,
              52.0139305
            ],
            [
              33.236409,
              52.0148723
            ],
            [
              33.2377874,
              52.0137747
            ],
            [
              33.2394773,
              52.012953
            ],
            [
              33.2395727,
              52.0126772
            ],
            [
              33.2389216,
              52.0123634
            ],
            [
              33.2374502,
              52.011732
            ],
            [
              33.2364368,
              52.0113729
            ],
            [
              33.2357751,
              52.0108788
            ],
            [
              33.234477,
              52.010028
            ],
            [
              33.2347583,
              52.009827
            ],
            [
              33.2348362,
              52.0094232
            ],
            [
              33.2342037,
              52.0093037
            ],
            [
              33.2334494,
              52.0083167
            ],
            [
              33.2329546,
              52.008149
            ],
            [
              33.2318347,
              52.0083125
            ],
            [
              33.2316995,
              52.0080429
            ],
            [
              33.2316572,
              52.0077276
            ],
            [
              33.233036,
              52.0074021
            ],
            [
              33.2329761,
              52.0071144
            ],
            [
              33.2335666,
              52.0070205
            ],
            [
              33.2338451,
              52.007593
            ],
            [
              33.234753,
              52.00763
            ],
            [
              33.2349641,
              52.0076851
            ],
            [
              33.2349034,
              52.0073155
            ],
            [
              33.2351659,
              52.0067694
            ],
            [
              33.2350891,
              52.0062194
            ],
            [
              33.2348725,
              52.0060233
            ],
            [
              33.2351143,
              52.0053935
            ],
            [
              33.2360428,
              52.0043504
            ],
            [
              33.2317587,
              52.0017401
            ],
            [
              33.2253062,
              51.9975714
            ],
            [
              33.2325604,
              51.99556
            ],
            [
              33.2316126,
              51.9940731
            ],
            [
              33.2324856,
              51.9939112
            ],
            [
              33.2334023,
              51.9936068
            ],
            [
              33.2346563,
              51.9927882
            ],
            [
              33.2354722,
              51.9919581
            ],
            [
              33.2357293,
              51.9907758
            ],
            [
              33.235558,
              51.9901652
            ],
            [
              33.235171,
              51.9892815
            ],
            [
              33.2364534,
              51.9887213
            ],
            [
              33.2373988,
              51.989691
            ],
            [
              33.2380127,
              51.9902755
            ],
            [
              33.2389189,
              51.9905481
            ],
            [
              33.2401355,
              51.9907643
            ],
            [
              33.2418095,
              51.9908111
            ],
            [
              33.2427399,
              51.9908626
            ],
            [
              33.2438265,
              51.9863077
            ],
            [
              33.24424,
              51.9860181
            ],
            [
              33.2466703,
              51.9868349
            ],
            [
              33.2479429,
              51.9865112
            ],
            [
              33.2510088,
              51.9864199
            ],
            [
              33.250981,
              51.9861476
            ],
            [
              33.2536698,
              51.9858375
            ],
            [
              33.2566883,
              51.9855085
            ],
            [
              33.2569789,
              51.9854769
            ],
            [
              33.2596264,
              51.9851883
            ],
            [
              33.2677683,
              51.9849023
            ],
            [
              33.2678848,
              51.9827543
            ],
            [
              33.268562,
              51.9827572
            ],
            [
              33.2763606,
              51.9829559
            ],
            [
              33.2748886,
              51.9865913
            ],
            [
              33.2734912,
              51.9915196
            ],
            [
              33.2753475,
              51.9917035
            ],
            [
              33.2776332,
              51.9922278
            ],
            [
              33.2793121,
              51.9928704
            ],
            [
              33.2811029,
              51.9938554
            ],
            [
              33.2827227,
              51.9941389
            ],
            [
              33.2847078,
              51.9941093
            ],
            [
              33.2856007,
              51.9964441
            ],
            [
              33.2874479,
              51.9962111
            ],
            [
              33.2897928,
              51.9962667
            ],
            [
              33.2902873,
              51.997204
            ],
            [
              33.2977434,
              51.9961953
            ],
            [
              33.3022297,
              51.9951116
            ],
            [
              33.3051138,
              51.9964768
            ],
            [
              33.30819,
              51.9976622
            ],
            [
              33.3111853,
              51.9986867
            ],
            [
              33.3125064,
              51.9990718
            ],
            [
              33.3138252,
              51.9992975
            ],
            [
              33.3144925,
              52.0001356
            ],
            [
              33.3174395,
              52.0019391
            ],
            [
              33.3210751,
              52.003196
            ],
            [
              33.3232431,
              52.0057353
            ],
            [
              33.3275898,
              52.0046372
            ],
            [
              33.328249,
              52.0076538
            ],
            [
              33.3263773,
              52.0080118
            ],
            [
              33.3224079,
              52.0089344
            ],
            [
              33.3191444,
              52.0095425
            ],
            [
              33.3161552,
              52.0099526
            ],
            [
              33.3133834,
              52.0106551
            ],
            [
              33.3104047,
              52.0071724
            ],
            [
              33.3096336,
              52.0066247
            ],
            [
              33.3070908,
              52.0077228
            ],
            [
              33.3050608,
              52.0088436
            ],
            [
              33.301986,
              52.0088646
            ],
            [
              33.2992431,
              52.0083297
            ],
            [
              33.2975591,
              52.007872
            ],
            [
              33.2952139,
              52.0075136
            ],
            [
              33.2936978,
              52.0080041
            ],
            [
              33.2933459,
              52.0086585
            ],
            [
              33.2927108,
              52.0110533
            ],
            [
              33.292198,
              52.0112949
            ],
            [
              33.2922085,
              52.0114791
            ],
            [
              33.2926776,
              52.0116557
            ],
            [
              33.2933581,
              52.0130622
            ],
            [
              33.2940823,
              52.013557
            ],
            [
              33.2950304,
              52.014025
            ],
            [
              33.2951266,
              52.0146305
            ],
            [
              33.2960629,
              52.0144398
            ],
            [
              33.2964708,
              52.0136569
            ],
            [
              33.2955387,
              52.0132453
            ],
            [
              33.295846,
              52.0129196
            ],
            [
              33.2971086,
              52.0130728
            ],
            [
              33.297829,
              52.0128728
            ],
            [
              33.2991592,
              52.0128881
            ],
            [
              33.2994825,
              52.0121762
            ],
            [
              33.3025068,
              52.0117077
            ],
            [
              33.302805,
              52.0140514
            ],
            [
              33.3020226,
              52.0149162
            ],
            [
              33.3006535,
              52.0155683
            ],
            [
              33.2992568,
              52.0162895
            ],
            [
              33.297681,
              52.0165637
            ],
            [
              33.2961462,
              52.0167323
            ],
            [
              33.2929507,
              52.0172018
            ],
            [
              33.291712,
              52.0172102
            ],
            [
              33.2909886,
              52.0173732
            ],
            [
              33.2902492,
              52.0168354
            ],
            [
              33.2896071,
              52.016539
            ],
            [
              33.2885772,
              52.0162824
            ],
            [
              33.2876478,
              52.0168684
            ],
            [
              33.2871041,
              52.017531
            ],
            [
              33.28592,
              52.0183248
            ],
            [
              33.2828126,
              52.018851
            ],
            [
              33.2820051,
              52.0190937
            ],
            [
              33.2815118,
              52.0202038
            ],
            [
              33.2808297,
              52.0202875
            ],
            [
              33.2808605,
              52.019602
            ],
            [
              33.2800797,
              52.0189219
            ],
            [
              33.2795268,
              52.0190573
            ],
            [
              33.2793604,
              52.019322
            ],
            [
              33.2743476,
              52.0188014
            ],
            [
              33.269903,
              52.0187136
            ],
            [
              33.2695856,
              52.0176147
            ],
            [
              33.2697934,
              52.0165819
            ],
            [
              33.2673365,
              52.0160108
            ],
            [
              33.265636,
              52.015575
            ],
            [
              33.2624763,
              52.0147133
            ],
            [
              33.2620686,
              52.0145878
            ],
            [
              33.2616126,
              52.0145185
            ],
            [
              33.260985,
              52.0144755
            ],
            [
              33.260529,
              52.0145086
            ],
            [
              33.2598907,
              52.014634
            ],
            [
              33.2591933,
              52.0147925
            ],
            [
              33.258276,
              52.01505
            ],
            [
              33.2575571,
              52.0153075
            ],
            [
              33.2569349,
              52.0155551
            ],
            [
              33.2566452,
              52.0157499
            ],
            [
              33.2561892,
              52.0162485
            ],
            [
              33.2554972,
              52.0170474
            ],
            [
              33.2550734,
              52.017678
            ],
            [
              33.2547891,
              52.0183052
            ],
            [
              33.2545102,
              52.0190315
            ],
            [
              33.2542151,
              52.0198073
            ],
            [
              33.2540649,
              52.0202761
            ],
            [
              33.2540435,
              52.020801
            ],
            [
              33.2539844,
              52.0215305
            ],
            [
              33.2542097,
              52.0229301
            ],
            [
              33.2544458,
              52.023729
            ],
            [
              33.2546067,
              52.0245014
            ],
            [
              33.2549286,
              52.0256699
            ],
            [
              33.2553256,
              52.0265313
            ],
            [
              33.2559586,
              52.0276008
            ],
            [
              33.2566184,
              52.0286239
            ],
            [
              33.2572031,
              52.0293798
            ],
            [
              33.2576376,
              52.0300333
            ],
            [
              33.2579917,
              52.0306537
            ],
            [
              33.2581902,
              52.0313747
            ],
            [
              33.2587703,
              52.0326097
            ],
            [
              33.2587851,
              52.0329711
            ],
            [
              33.2591472,
              52.0332778
            ],
            [
              33.2594264,
              52.0335672
            ],
            [
              33.2599926,
              52.0339969
            ],
            [
              33.2603306,
              52.034449
            ],
            [
              33.2607659,
              52.0350342
            ],
            [
              33.2611594,
              52.0356816
            ],
            [
              33.2616073,
              52.0365281
            ],
            [
              33.261897,
              52.0370363
            ],
            [
              33.2623741,
              52.0376177
            ],
            [
              33.2627875,
              52.0382209
            ],
            [
              33.263061,
              52.0389337
            ],
            [
              33.263061,
              52.0391746
            ],
            [
              33.2632149,
              52.0396557
            ],
            [
              33.2634268,
              52.0398496
            ],
            [
              33.2641209,
              52.0401505
            ],
            [
              33.2654062,
              52.0406502
            ],
            [
              33.2664187,
              52.0409002
            ],
            [
              33.2669698,
              52.0413013
            ],
            [
              33.2670885,
              52.0416953
            ],
            [
              33.267157,
              52.0428891
            ],
            [
              33.2680085,
              52.0440087
            ],
            [
              33.2682371,
              52.0442737
            ],
            [
              33.2685226,
              52.0450516
            ],
            [
              33.2692335,
              52.0463695
            ],
            [
              33.2697181,
              52.0475606
            ],
            [
              33.2713666,
              52.0494053
            ],
            [
              33.2713577,
              52.0498199
            ],
            [
              33.2708801,
              52.0499711
            ],
            [
              33.2696261,
              52.0505912
            ],
            [
              33.2693654,
              52.0503264
            ],
            [
              33.2698713,
              52.0499579
            ],
            [
              33.2684413,
              52.0487138
            ],
            [
              33.2673667,
              52.0448519
            ],
            [
              33.2653489,
              52.0447959
            ],
            [
              33.2641513,
              52.0449615
            ],
            [
              33.2643676,
              52.0445061
            ],
            [
              33.2659938,
              52.0441304
            ],
            [
              33.2656665,
              52.0427705
            ],
            [
              33.265144,
              52.0421719
            ],
            [
              33.2651437,
              52.0412145
            ],
            [
              33.2648462,
              52.0406637
            ],
            [
              33.2637501,
              52.040207
            ],
            [
              33.2629216,
              52.0398309
            ],
            [
              33.2621542,
              52.0394483
            ],
            [
              33.2611975,
              52.0392122
            ],
            [
              33.2604512,
              52.0391525
            ],
            [
              33.259684,
              52.0384805
            ],
            [
              33.2598374,
              52.0378734
            ],
            [
              33.2584319,
              52.0380403
            ],
            [
              33.2579576,
              52.0374413
            ],
            [
              33.2574802,
              52.0365296
            ],
            [
              33.2567391,
              52.0363576
            ],
            [
              33.2549412,
              52.0356379
            ],
            [
              33.2543817,
              52.0354739
            ],
            [
              33.2540507,
              52.0354112
            ],
            [
              33.2540303,
              52.035157
            ],
            [
              33.2538128,
              52.0345958
            ],
            [
              33.2550716,
              52.0342719
            ],
            [
              33.2558761,
              52.0345332
            ],
            [
              33.2563568,
              52.0345696
            ],
            [
              33.2569441,
              52.0342796
            ],
            [
              33.2567989,
              52.033911
            ],
            [
              33.2560162,
              52.0338996
            ],
            [
              33.2556155,
              52.0339077
            ],
            [
              33.2552333,
              52.033855
            ],
            [
              33.2543423,
              52.033961
            ],
            [
              33.2531876,
              52.033894
            ],
            [
              33.2513119,
              52.0332239
            ],
            [
              33.2515863,
              52.0325571
            ],
            [
              33.2520313,
              52.0323766
            ],
            [
              33.2527524,
              52.0324312
            ],
            [
              33.2529784,
              52.0323732
            ],
            [
              33.253529,
              52.0321112
            ],
            [
              33.2539413,
              52.0319673
            ],
            [
              33.2544234,
              52.0318876
            ],
            [
              33.2559054,
              52.0315228
            ],
            [
              33.2565284,
              52.0314596
            ],
            [
              33.2573312,
              52.0316222
            ],
            [
              33.2552782,
              52.0284869
            ],
            [
              33.2542067,
              52.027566
            ],
            [
              33.2533579,
              52.0272013
            ],
            [
              33.2528653,
              52.027086
            ],
            [
              33.2529438,
              52.0266776
            ],
            [
              33.2541288,
              52.0261041
            ],
            [
              33.2539677,
              52.0254077
            ],
            [
              33.2538431,
              52.0246704
            ],
            [
              33.2535707,
              52.0236863
            ],
            [
              33.2533021,
              52.0220847
            ],
            [
              33.250621,
              52.0230077
            ],
            [
              33.2507389,
              52.0236781
            ],
            [
              33.2497373,
              52.0237371
            ],
            [
              33.2477033,
              52.023891
            ],
            [
              33.2474992,
              52.0245661
            ],
            [
              33.247626,
              52.0252486
            ],
            [
              33.2467487,
              52.0256859
            ],
            [
              33.2471222,
              52.0259445
            ],
            [
              33.2468101,
              52.0266014
            ],
            [
              33.2470288,
              52.026804
            ],
            [
              33.2461104,
              52.0275454
            ],
            [
              33.2458008,
              52.0274334
            ],
            [
              33.2453521,
              52.0277447
            ],
            [
              33.2443166,
              52.027457
            ],
            [
              33.243446,
              52.0273771
            ],
            [
              33.2418477,
              52.0279471
            ],
            [
              33.2405506,
              52.0281309
            ],
            [
              33.2403684,
              52.0292044
            ],
            [
              33.2399084,
              52.0293022
            ],
            [
              33.2399034,
              52.0294636
            ],
            [
              33.2394387,
              52.0297417
            ],
            [
              33.238723,
              52.0287924
            ],
            [
              33.2375989,
              52.029175
            ],
            [
              33.237274,
              52.0290957
            ],
            [
              33.2365443,
              52.0282224
            ],
            [
              33.2365888,
              52.0275951
            ],
            [
              33.2359561,
              52.0262767
            ],
            [
              33.2356876,
              52.0252851
            ],
            [
              33.2358368,
              52.0249192
            ],
            [
              33.2361789,
              52.0244734
            ],
            [
              33.2358801,
              52.0243118
            ],
            [
              33.2349254,
              52.0242608
            ],
            [
              33.2341809,
              52.0243556
            ],
            [
              33.2330715,
              52.0247184
            ],
            [
              33.2321418,
              52.0247858
            ],
            [
              33.2315293,
              52.0249605
            ],
            [
              33.2308462,
              52.0250501
            ],
            [
              33.2301137,
              52.0249455
            ],
            [
              33.2301309,
              52.0241103
            ],
            [
              33.2307214,
              52.0240022
            ],
            [
              33.2305192,
              52.0235881
            ],
            [
              33.2311456,
              52.0233389
            ],
            [
              33.2307382,
              52.0229491
            ],
            [
              33.2319194,
              52.022616
            ],
            [
              33.232669,
              52.0236277
            ],
            [
              33.2346134,
              52.023066
            ],
            [
              33.2335861,
              52.0225219
            ],
            [
              33.2337591,
              52.0223976
            ],
            [
              33.2345176,
              52.022546
            ],
            [
              33.235473,
              52.0228452
            ],
            [
              33.2356924,
              52.0231836
            ],
            [
              33.2361174,
              52.0228393
            ],
            [
              33.2359826,
              52.0225728
            ],
            [
              33.2364829,
              52.0224764
            ],
            [
              33.2365368,
              52.0220667
            ],
            [
              33.236732,
              52.0220765
            ],
            [
              33.2375057,
              52.0225932
            ],
            [
              33.237676,
              52.0224961
            ],
            [
              33.2378879,
              52.0227884
            ],
            [
              33.2387161,
              52.0227708
            ],
            [
              33.2390099,
              52.0228639
            ],
            [
              33.2394854,
              52.0227755
            ],
            [
              33.2399804,
              52.0216882
            ],
            [
              33.2393192,
              52.0216992
            ],
            [
              33.2384189,
              52.0212142
            ],
            [
              33.238466,
              52.0211272
            ],
            [
              33.2389945,
              52.0211209
            ],
            [
              33.2395907,
              52.020815
            ],
            [
              33.2400828,
              52.0209555
            ],
            [
              33.2399398,
              52.0211461
            ],
            [
              33.2401924,
              52.0212217
            ],
            [
              33.2403167,
              52.0209481
            ],
            [
              33.2417566,
              52.0210482
            ],
            [
              33.2447548,
              52.0204931
            ],
            [
              33.2460616,
              52.0204516
            ],
            [
              33.2461718,
              52.0203717
            ],
            [
              33.2455351,
              52.0197811
            ],
            [
              33.2457003,
              52.0190731
            ],
            [
              33.2459816,
              52.0188767
            ],
            [
              33.2466249,
              52.0187113
            ],
            [
              33.2466998,
              52.017901
            ],
            [
              33.2469066,
              52.0175048
            ],
            [
              33.2469816,
              52.0174869
            ],
            [
              33.2474475,
              52.0173757
            ],
            [
              33.2481641,
              52.0173113
            ],
            [
              33.2486889,
              52.0173798
            ],
            [
              33.2493043,
              52.0175189
            ],
            [
              33.2491535,
              52.0172243
            ],
            [
              33.2489053,
              52.0166374
            ],
            [
              33.248488,
              52.0160612
            ],
            [
              33.2482783,
              52.0159344
            ],
            [
              33.2480735,
              52.0156462
            ],
            [
              33.247175,
              52.0157231
            ],
            [
              33.246261,
              52.016007
            ],
            [
              33.2456196,
              52.0159273
            ],
            [
              33.244281,
              52.0159059
            ],
            [
              33.2413497,
              52.0157448
            ],
            [
              33.2404344,
              52.0155172
            ],
            [
              33.2398524,
              52.0155089
            ],
            [
              33.2394171,
              52.0155775
            ],
            [
              33.2388927,
              52.0155329
            ],
            [
              33.2367189,
              52.0160252
            ],
            [
              33.2358469,
              52.0160725
            ],
            [
              33.2343328,
              52.0159982
            ],
            [
              33.2327985,
              52.0158701
            ],
            [
              33.2290196,
              52.0154627
            ],
            [
              33.2248604,
              52.0149259
            ],
            [
              33.2234214,
              52.0146894
            ],
            [
              33.2229143,
              52.0145131
            ],
            [
              33.2226031,
              52.0144611
            ],
            [
              33.2216568,
              52.0141079
            ]
          ]
        ]
      },
      "properties": {
        "name": "Новгород-Северский, Новгород-Сіверська міська громада, Новгород-Северский район, Черниговская область, 16000, Украина",
        "source": "Visicom/OSM"
      }
    },
    {
      "type": "Feature",
      "geometry": {
        "type": "Polygon",
        "coordinates": [
          [
            [
              33.490191,
              51.969619
            ],
            [
              33.48135,
              51.972367
            ],
            [
              33.478174,
              51.979765
            ],
            [
              33.479376,
              51.983781
            ],
            [
              33.477745,
              51.985524
            ],
            [
              33.473883,
              51.984415
            ],
            [
              33.470964,
              51.988113
            ],
            [
              33.476629,
              51.987637
            ],
            [
              33.480577,
              51.989539
            ],
            [
              33.476887,
              51.992497
            ],
            [
              33.484697,
              51.995825
            ],
            [
              33.487616,
              51.989381
            ],
            [
              33.490191,
              51.989909
            ],
            [
              33.493538,
              51.991335
            ],
            [
              33.498945,
              51.99873
            ],
            [
              33.500147,
              52.000103
            ],
            [
              33.501778,
              51.999205
            ],
            [
              33.502035,
              51.997938
            ],
            [
              33.500919,
              51.996776
            ],
            [
              33.500748,
              51.993712
            ],
            [
              33.506241,
              51.995033
            ],
            [
              33.506413,
              51.993659
            ],
            [
              33.499718,
              51.991599
            ],
            [
              33.500147,
              51.988958
            ],
            [
              33.498945,
              51.987373
            ],
            [
              33.501091,
              51.985841
            ],
            [
              33.505554,
              51.988694
            ],
            [
              33.507786,
              51.988166
            ],
            [
              33.506327,
              51.986845
            ],
            [
              33.515511,
              51.987743
            ],
            [
              33.515596,
              51.986422
            ],
            [
              33.505468,
              51.984943
            ],
            [
              33.502979,
              51.981773
            ],
            [
              33.499889,
              51.981192
            ],
            [
              33.501177,
              51.978444
            ],
            [
              33.502121,
              51.976701
            ],
            [
              33.493538,
              51.97818
            ],
            [
              33.488903,
              51.976701
            ],
            [
              33.491135,
              51.973371
            ],
            [
              33.492336,
              51.97131
            ],
            [
              33.492765,
              51.969144
            ],
            [
              33.490309,
              51.969577
            ],
            [
              33.490191,
              51.969619
            ]
          ]
        ]
      },
      "properties": {
        "type": "user_drawn_shape"
      }
    },
    {
      "type": "Feature",
      "geometry": {
        "type": "Polygon",
        "coordinates": [
          [
            [
              33.290291,
              51.757138
            ],
            [
              33.284626,
              51.755439
            ],
            [
              33.268318,
              51.758412
            ],
            [
              33.2654,
              51.756926
            ],
            [
              33.260937,
              51.757775
            ],
            [
              33.262954,
              51.759055
            ],
            [
              33.257718,
              51.759082
            ],
            [
              33.25892,
              51.761949
            ],
            [
              33.263898,
              51.760993
            ],
            [
              33.278017,
              51.765665
            ],
            [
              33.290033,
              51.764235
            ],
            [
              33.296041,
              51.762005
            ],
            [
              33.299303,
              51.763651
            ],
            [
              33.292866,
              51.765721
            ],
            [
              33.295441,
              51.767845
            ],
            [
              33.293982,
              51.769119
            ],
            [
              33.288488,
              51.768694
            ],
            [
              33.279562,
              51.770871
            ],
            [
              33.259735,
              51.77034
            ],
            [
              33.25201,
              51.771083
            ],
            [
              33.250208,
              51.776239
            ],
            [
              33.257418,
              51.778309
            ],
            [
              33.259392,
              51.776876
            ],
            [
              33.260164,
              51.77799
            ],
            [
              33.258619,
              51.780007
            ],
            [
              33.259907,
              51.781175
            ],
            [
              33.264971,
              51.776292
            ],
            [
              33.264027,
              51.773054
            ],
            [
              33.281193,
              51.772417
            ],
            [
              33.294325,
              51.770188
            ],
            [
              33.291407,
              51.776557
            ],
            [
              33.289518,
              51.784575
            ],
            [
              33.283424,
              51.782664
            ],
            [
              33.282566,
              51.784999
            ],
            [
              33.287888,
              51.786751
            ],
            [
              33.287802,
              51.791579
            ],
            [
              33.29072,
              51.792641
            ],
            [
              33.293037,
              51.791155
            ],
            [
              33.293896,
              51.789032
            ],
            [
              33.293209,
              51.787547
            ],
            [
              33.294067,
              51.783248
            ],
            [
              33.296986,
              51.781868
            ],
            [
              33.296814,
              51.774544
            ],
            [
              33.299646,
              51.774544
            ],
            [
              33.301191,
              51.77465
            ],
            [
              33.30265,
              51.778578
            ],
            [
              33.303766,
              51.781125
            ],
            [
              33.307886,
              51.780011
            ],
            [
              33.31192,
              51.77879
            ],
            [
              33.315525,
              51.777091
            ],
            [
              33.31707,
              51.775128
            ],
            [
              33.31707,
              51.773535
            ],
            [
              33.319988,
              51.773588
            ],
            [
              33.32016,
              51.771465
            ],
            [
              33.319387,
              51.769766
            ],
            [
              33.315611,
              51.768651
            ],
            [
              33.311577,
              51.768598
            ],
            [
              33.310118,
              51.765678
            ],
            [
              33.305311,
              51.763705
            ],
            [
              33.323421,
              51.75745
            ],
            [
              33.333721,
              51.75745
            ],
            [
              33.352776,
              51.762017
            ],
            [
              33.359642,
              51.760743
            ],
            [
              33.361874,
              51.757663
            ],
            [
              33.362045,
              51.75607
            ],
            [
              33.36771,
              51.755857
            ],
            [
              33.370457,
              51.755326
            ],
            [
              33.371315,
              51.753096
            ],
            [
              33.368568,
              51.750653
            ],
            [
              33.360844,
              51.74906
            ],
            [
              33.35535,
              51.747042
            ],
            [
              33.348484,
              51.745661
            ],
            [
              33.342476,
              51.745873
            ],
            [
              33.336124,
              51.746404
            ],
            [
              33.32943,
              51.746617
            ],
            [
              33.324108,
              51.747891
            ],
            [
              33.320332,
              51.746723
            ],
            [
              33.315353,
              51.746511
            ],
            [
              33.308659,
              51.746511
            ],
            [
              33.306599,
              51.750441
            ],
            [
              33.302822,
              51.753521
            ],
            [
              33.298359,
              51.75522
            ],
            [
              33.290291,
              51.757138
            ]
          ]
        ]
      },
      "properties": {
        "type": "user_drawn_shape"
      }
    },
    {
      "type": "Feature",
      "geometry": {
        "type": "Polygon",
        "coordinates": [
          [
            [
              33.865598,
              51.659575
            ],
            [
              33.866622,
              51.655399
            ],
            [
              33.871751,
              51.65673
            ],
            [
              33.886112,
              51.656398
            ],
            [
              33.890646,
              51.656163
            ],
            [
              33.892538,
              51.655805
            ],
            [
              33.895453,
              51.655561
            ],
            [
              33.89901,
              51.655065
            ],
            [
              33.899604,
              51.655115
            ],
            [
              33.899446,
              51.653778
            ],
            [
              33.899552,
              51.652369
            ],
            [
              33.904662,
              51.644555
            ],
            [
              33.902864,
              51.643287
            ],
            [
              33.901013,
              51.64042
            ],
            [
              33.902772,
              51.639829
            ],
            [
              33.904989,
              51.643297
            ],
            [
              33.905804,
              51.6439
            ],
            [
              33.911028,
              51.643576
            ],
            [
              33.91208,
              51.644166
            ],
            [
              33.909517,
              51.645905
            ],
            [
              33.911653,
              51.646825
            ],
            [
              33.912207,
              51.647507
            ],
            [
              33.909041,
              51.649286
            ],
            [
              33.90798,
              51.648634
            ],
            [
              33.906261,
              51.651104
            ],
            [
              33.904231,
              51.653221
            ],
            [
              33.904299,
              51.653796
            ],
            [
              33.906491,
              51.654254
            ],
            [
              33.907328,
              51.65504
            ],
            [
              33.908133,
              51.655316
            ],
            [
              33.914215,
              51.655203
            ],
            [
              33.914195,
              51.658431
            ],
            [
              33.916211,
              51.658807
            ],
            [
              33.926679,
              51.659336
            ],
            [
              33.925245,
              51.664147
            ],
            [
              33.924379,
              51.664113
            ],
            [
              33.9242,
              51.666556
            ],
            [
              33.925349,
              51.666604
            ],
            [
              33.925309,
              51.667631
            ],
            [
              33.936811,
              51.667365
            ],
            [
              33.93683,
              51.668212
            ],
            [
              33.945426,
              51.667871
            ],
            [
              33.94597,
              51.66791
            ],
            [
              33.945913,
              51.669092
            ],
            [
              33.945863,
              51.669549
            ],
            [
              33.945427,
              51.670996
            ],
            [
              33.945186,
              51.671349
            ],
            [
              33.947917,
              51.670101
            ],
            [
              33.948352,
              51.670002
            ],
            [
              33.950856,
              51.670274
            ],
            [
              33.957867,
              51.670525
            ],
            [
              33.958738,
              51.67029
            ],
            [
              33.95906,
              51.670659
            ],
            [
              33.959012,
              51.671864
            ],
            [
              33.959002,
              51.673486
            ],
            [
              33.956378,
              51.677313
            ],
            [
              33.95013,
              51.685548
            ],
            [
              33.944534,
              51.691834
            ],
            [
              33.936896,
              51.695132
            ],
            [
              33.934608,
              51.692735
            ],
            [
              33.930316,
              51.694615
            ],
            [
              33.933043,
              51.696637
            ],
            [
              33.934707,
              51.698287
            ],
            [
              33.93155,
              51.699803
            ],
            [
              33.928891,
              51.700752
            ],
            [
              33.924927,
              51.701956
            ],
            [
              33.922238,
              51.702839
            ],
            [
              33.921816,
              51.703986
            ],
            [
              33.922109,
              51.704941
            ],
            [
              33.922088,
              51.705706
            ],
            [
              33.912589,
              51.708365
            ],
            [
              33.908472,
              51.704462
            ],
            [
              33.905436,
              51.70067
            ],
            [
              33.905042,
              51.700006
            ],
            [
              33.904753,
              51.699201
            ],
            [
              33.903959,
              51.6998
            ],
            [
              33.902242,
              51.699082
            ],
            [
              33.900912,
              51.698749
            ],
            [
              33.900311,
              51.698763
            ],
            [
              33.89853,
              51.698297
            ],
            [
              33.897822,
              51.699547
            ],
            [
              33.897221,
              51.699893
            ],
            [
              33.895698,
              51.701156
            ],
            [
              33.892972,
              51.701422
            ],
            [
              33.893037,
              51.70097
            ],
            [
              33.890612,
              51.700718
            ],
            [
              33.890097,
              51.699787
            ],
            [
              33.891788,
              51.699415
            ],
            [
              33.892782,
              51.698604
            ],
            [
              33.893302,
              51.697919
            ],
            [
              33.892021,
              51.69754
            ],
            [
              33.892104,
              51.697362
            ],
            [
              33.89115,
              51.696968
            ],
            [
              33.890246,
              51.69641
            ],
            [
              33.888984,
              51.697254
            ],
            [
              33.886804,
              51.69589
            ],
            [
              33.882392,
              51.694383
            ],
            [
              33.879861,
              51.695616
            ],
            [
              33.8789,
              51.695867
            ],
            [
              33.87865,
              51.69571
            ],
            [
              33.877947,
              51.695834
            ],
            [
              33.877158,
              51.695152
            ],
            [
              33.876419,
              51.695308
            ],
            [
              33.875699,
              51.694493
            ],
            [
              33.877137,
              51.693975
            ],
            [
              33.879883,
              51.692352
            ],
            [
              33.876214,
              51.691035
            ],
            [
              33.876064,
              51.690782
            ],
            [
              33.87525,
              51.690716
            ],
            [
              33.869012,
              51.690902
            ],
            [
              33.871803,
              51.689202
            ],
            [
              33.872974,
              51.689
            ],
            [
              33.872824,
              51.688042
            ],
            [
              33.87481,
              51.687837
            ],
            [
              33.874455,
              51.685315
            ],
            [
              33.866193,
              51.685381
            ],
            [
              33.866192,
              51.685069
            ],
            [
              33.86618,
              51.681586
            ],
            [
              33.870957,
              51.681816
            ],
            [
              33.874545,
              51.681827
            ],
            [
              33.87497,
              51.681191
            ],
            [
              33.874612,
              51.675688
            ],
            [
              33.877208,
              51.673636
            ],
            [
              33.880894,
              51.669773
            ],
            [
              33.872684,
              51.666779
            ],
            [
              33.873645,
              51.663145
            ],
            [
              33.87431,
              51.660692
            ],
            [
              33.873882,
              51.66046
            ],
            [
              33.865598,
              51.659575
            ]
          ]
        ]
      },
      "properties": {
        "name": "Hlukhiv",
        "display_name": "Глухів, Глухівська міська громада, Шосткинський район, Сумська область, 41400-41409, Україна"
      },
      "bbox": [
        33.8655979,
        51.6398289,
        33.9590597,
        51.708365
      ]
    },
    {
      "type": "Feature",
      "geometry": {
        "type": "Polygon",
        "coordinates": [
          [
            [
              33.417492,
              51.863163
            ],
            [
              33.417835,
              51.860621
            ],
            [
              33.433113,
              51.860938
            ],
            [
              33.441696,
              51.861468
            ],
            [
              33.447533,
              51.833805
            ],
            [
              33.466072,
              51.834017
            ],
            [
              33.465385,
              51.845466
            ],
            [
              33.486671,
              51.845254
            ],
            [
              33.496971,
              51.852567
            ],
            [
              33.506756,
              51.848964
            ],
            [
              33.511219,
              51.845148
            ],
            [
              33.506927,
              51.84218
            ],
            [
              33.514137,
              51.836986
            ],
            [
              33.529072,
              51.845784
            ],
            [
              33.533363,
              51.8443
            ],
            [
              33.53817,
              51.845784
            ],
            [
              33.545036,
              51.844618
            ],
            [
              33.546066,
              51.848328
            ],
            [
              33.539371,
              51.847798
            ],
            [
              33.530273,
              51.848646
            ],
            [
              33.523064,
              51.851825
            ],
            [
              33.532677,
              51.859879
            ],
            [
              33.531818,
              51.864223
            ],
            [
              33.535423,
              51.87577
            ],
            [
              33.54847,
              51.877676
            ],
            [
              33.542805,
              51.885831
            ],
            [
              33.54435,
              51.888796
            ],
            [
              33.543406,
              51.890004
            ],
            [
              33.533921,
              51.886324
            ],
            [
              33.532591,
              51.889501
            ],
            [
              33.532848,
              51.893823
            ],
            [
              33.534908,
              51.894617
            ],
            [
              33.532162,
              51.896046
            ],
            [
              33.522549,
              51.893876
            ],
            [
              33.512249,
              51.889905
            ],
            [
              33.516541,
              51.88461
            ],
            [
              33.515167,
              51.881856
            ],
            [
              33.51594,
              51.881062
            ],
            [
              33.518,
              51.881962
            ],
            [
              33.523235,
              51.876402
            ],
            [
              33.522034,
              51.871758
            ],
            [
              33.522892,
              51.87001
            ],
            [
              33.52212,
              51.869613
            ],
            [
              33.521991,
              51.868421
            ],
            [
              33.524137,
              51.868448
            ],
            [
              33.524222,
              51.867786
            ],
            [
              33.522205,
              51.867327
            ],
            [
              33.520746,
              51.867778
            ],
            [
              33.519888,
              51.86738
            ],
            [
              33.523407,
              51.864626
            ],
            [
              33.525853,
              51.866771
            ],
            [
              33.528643,
              51.863248
            ],
            [
              33.519201,
              51.855091
            ],
            [
              33.506498,
              51.859277
            ],
            [
              33.502035,
              51.863355
            ],
            [
              33.497915,
              51.86497
            ],
            [
              33.490019,
              51.867963
            ],
            [
              33.488045,
              51.869076
            ],
            [
              33.479891,
              51.872651
            ],
            [
              33.479633,
              51.874266
            ],
            [
              33.47311,
              51.874213
            ],
            [
              33.471222,
              51.886087
            ],
            [
              33.476372,
              51.888152
            ],
            [
              33.476887,
              51.894505
            ],
            [
              33.452597,
              51.895034
            ],
            [
              33.451223,
              51.893552
            ],
            [
              33.452253,
              51.88238
            ],
            [
              33.446159,
              51.876977
            ],
            [
              33.435688,
              51.878354
            ],
            [
              33.432426,
              51.887197
            ],
            [
              33.423843,
              51.886826
            ],
            [
              33.424101,
              51.884761
            ],
            [
              33.427534,
              51.884761
            ],
            [
              33.427963,
              51.881743
            ],
            [
              33.432083,
              51.880737
            ],
            [
              33.43483,
              51.877189
            ],
            [
              33.426418,
              51.869615
            ],
            [
              33.429337,
              51.863259
            ],
            [
              33.429594,
              51.86257
            ],
            [
              33.420067,
              51.861987
            ],
            [
              33.417234,
              51.86321
            ],
            [
              33.417492,
              51.863163
            ]
          ]
        ]
      },
      "properties": {
        "type": "user_drawn_shape"
      }
    },
    {
      "type": "Feature",
      "geometry": {
        "type": "MultiPolygon",
        "coordinates": [
          [
            [
              [
                33.582731,
                52.264461
              ],
              [
                33.583883,
                52.263281
              ],
              [
                33.584986,
                52.263409
              ],
              [
                33.588307,
                52.263119
              ],
              [
                33.588406,
                52.26324
              ],
              [
                33.589484,
                52.262832
              ],
              [
                33.590006,
                52.26322
              ],
              [
                33.590969,
                52.263511
              ],
              [
                33.592208,
                52.263507
              ],
              [
                33.592053,
                52.262485
              ],
              [
                33.591567,
                52.261018
              ],
              [
                33.591018,
                52.260026
              ],
              [
                33.592818,
                52.259246
              ],
              [
                33.594598,
                52.258725
              ],
              [
                33.595954,
                52.258378
              ],
              [
                33.596194,
                52.258073
              ],
              [
                33.597632,
                52.257622
              ],
              [
                33.597599,
                52.257471
              ],
              [
                33.5985,
                52.257256
              ],
              [
                33.599454,
                52.257237
              ],
              [
                33.600425,
                52.257125
              ],
              [
                33.601209,
                52.256993
              ],
              [
                33.601708,
                52.256948
              ],
              [
                33.60175,
                52.256417
              ],
              [
                33.604512,
                52.255339
              ],
              [
                33.604834,
                52.254991
              ],
              [
                33.605375,
                52.254604
              ],
              [
                33.605837,
                52.254298
              ],
              [
                33.606797,
                52.254003
              ],
              [
                33.609425,
                52.252863
              ],
              [
                33.609892,
                52.253047
              ],
              [
                33.61102,
                52.252604
              ],
              [
                33.612148,
                52.253712
              ],
              [
                33.613923,
                52.254225
              ],
              [
                33.613763,
                52.254542
              ],
              [
                33.614909,
                52.254746
              ],
              [
                33.614292,
                52.256602
              ],
              [
                33.61396,
                52.257348
              ],
              [
                33.61327,
                52.257612
              ],
              [
                33.613183,
                52.257786
              ],
              [
                33.612089,
                52.257644
              ],
              [
                33.611127,
                52.260351
              ],
              [
                33.612074,
                52.261927
              ],
              [
                33.612444,
                52.262591
              ],
              [
                33.612197,
                52.262644
              ],
              [
                33.612197,
                52.262908
              ],
              [
                33.611269,
                52.263185
              ],
              [
                33.611313,
                52.263447
              ],
              [
                33.611188,
                52.263783
              ],
              [
                33.611255,
                52.264024
              ],
              [
                33.611428,
                52.264354
              ],
              [
                33.611667,
                52.264914
              ],
              [
                33.610903,
                52.265849
              ],
              [
                33.610731,
                52.265993
              ],
              [
                33.609264,
                52.266046
              ],
              [
                33.608944,
                52.266279
              ],
              [
                33.608784,
                52.266649
              ],
              [
                33.607132,
                52.266928
              ],
              [
                33.605715,
                52.267267
              ],
              [
                33.604544,
                52.267162
              ],
              [
                33.602757,
                52.267109
              ],
              [
                33.602276,
                52.267403
              ],
              [
                33.601525,
                52.268022
              ],
              [
                33.601346,
                52.268029
              ],
              [
                33.601266,
                52.268233
              ],
              [
                33.600705,
                52.268482
              ],
              [
                33.60052,
                52.268482
              ],
              [
                33.599047,
                52.267637
              ],
              [
                33.598012,
                52.267826
              ],
              [
                33.597587,
                52.267942
              ],
              [
                33.596946,
                52.267931
              ],
              [
                33.596133,
                52.268127
              ],
              [
                33.595615,
                52.268418
              ],
              [
                33.595215,
                52.268478
              ],
              [
                33.595098,
                52.268195
              ],
              [
                33.594857,
                52.268127
              ],
              [
                33.594746,
                52.268161
              ],
              [
                33.59466,
                52.268263
              ],
              [
                33.594358,
                52.268327
              ],
              [
                33.593944,
                52.268819
              ],
              [
                33.59345,
                52.268296
              ],
              [
                33.592485,
                52.268755
              ],
              [
                33.593329,
                52.26927
              ],
              [
                33.592509,
                52.269688
              ],
              [
                33.592053,
                52.27036
              ],
              [
                33.591135,
                52.271223
              ],
              [
                33.589465,
                52.272769
              ],
              [
                33.588005,
                52.273885
              ],
              [
                33.587259,
                52.274511
              ],
              [
                33.587752,
                52.274771
              ],
              [
                33.586606,
                52.275555
              ],
              [
                33.585318,
                52.275162
              ],
              [
                33.584702,
                52.275046
              ],
              [
                33.583895,
                52.274639
              ],
              [
                33.584591,
                52.273689
              ],
              [
                33.583913,
                52.273308
              ],
              [
                33.58566,
                52.271973
              ],
              [
                33.587967,
                52.270162
              ],
              [
                33.58968,
                52.268698
              ],
              [
                33.589648,
                52.268198
              ],
              [
                33.589309,
                52.267953
              ],
              [
                33.58844,
                52.268032
              ],
              [
                33.586721,
                52.267994
              ],
              [
                33.583936,
                52.268032
              ],
              [
                33.583963,
                52.266821
              ],
              [
                33.584339,
                52.266051
              ],
              [
                33.584753,
                52.265376
              ],
              [
                33.584792,
                52.264546
              ],
              [
                33.583923,
                52.264566
              ],
              [
                33.583221,
                52.264534
              ],
              [
                33.582731,
                52.264461
              ]
            ]
          ],
          [
            [
              [
                33.595494,
                52.273981
              ],
              [
                33.595548,
                52.273889
              ],
              [
                33.595902,
                52.273777
              ],
              [
                33.596073,
                52.273639
              ],
              [
                33.596063,
                52.273534
              ],
              [
                33.595998,
                52.27341
              ],
              [
                33.59587,
                52.273285
              ],
              [
                33.595698,
                52.27295
              ],
              [
                33.59602,
                52.272714
              ],
              [
                33.596159,
                52.272458
              ],
              [
                33.59588,
                52.272241
              ],
              [
                33.595644,
                52.271821
              ],
              [
                33.595859,
                52.271578
              ],
              [
                33.596492,
                52.271394
              ],
              [
                33.59705,
                52.271946
              ],
              [
                33.597318,
                52.272294
              ],
              [
                33.597522,
                52.272714
              ],
              [
                33.59779,
                52.273337
              ],
              [
                33.598681,
                52.273324
              ],
              [
                33.598691,
                52.273666
              ],
              [
                33.598831,
                52.273902
              ],
              [
                33.599196,
                52.274079
              ],
              [
                33.599732,
                52.274296
              ],
              [
                33.600247,
                52.274572
              ],
              [
                33.600419,
                52.274742
              ],
              [
                33.601191,
                52.274401
              ],
              [
                33.601266,
                52.274197
              ],
              [
                33.601449,
                52.273797
              ],
              [
                33.601556,
                52.273679
              ],
              [
                33.602339,
                52.273712
              ],
              [
                33.602747,
                52.273968
              ],
              [
                33.602886,
                52.274329
              ],
              [
                33.602865,
                52.27467
              ],
              [
                33.602918,
                52.274979
              ],
              [
                33.603036,
                52.275162
              ],
              [
                33.603176,
                52.275865
              ],
              [
                33.602929,
                52.276456
              ],
              [
                33.60235,
                52.276968
              ],
              [
                33.601588,
                52.27727
              ],
              [
                33.600429,
                52.277709
              ],
              [
                33.600065,
                52.277539
              ],
              [
                33.60014,
                52.277145
              ],
              [
                33.600215,
                52.27658
              ],
              [
                33.59985,
                52.27618
              ],
              [
                33.599002,
                52.276009
              ],
              [
                33.597983,
                52.276121
              ],
              [
                33.597221,
                52.275346
              ],
              [
                33.597275,
                52.2749
              ],
              [
                33.597275,
                52.274598
              ],
              [
                33.597146,
                52.274381
              ],
              [
                33.5969,
                52.274204
              ],
              [
                33.596481,
                52.274243
              ],
              [
                33.595998,
                52.274125
              ],
              [
                33.595741,
                52.274099
              ],
              [
                33.595494,
                52.273981
              ]
            ]
          ],
          [
            [
              [
                33.596771,
                52.253504
              ],
              [
                33.60029,
                52.252594
              ],
              [
                33.600563,
                52.252525
              ],
              [
                33.60095,
                52.2522
              ],
              [
                33.601341,
                52.251766
              ],
              [
                33.602607,
                52.251218
              ],
              [
                33.60478,
                52.250292
              ],
              [
                33.605547,
                52.251073
              ],
              [
                33.60611,
                52.251704
              ],
              [
                33.606244,
                52.252121
              ],
              [
                33.599984,
                52.254571
              ],
              [
                33.597447,
                52.25553
              ],
              [
                33.597146,
                52.25444
              ],
              [
                33.596771,
                52.253504
              ]
            ]
          ],
          [
            [
              [
                33.599727,
                52.256095
              ],
              [
                33.600993,
                52.255605
              ],
              [
                33.602623,
                52.255139
              ],
              [
                33.60294,
                52.255632
              ],
              [
                33.602752,
                52.25594
              ],
              [
                33.601529,
                52.256407
              ],
              [
                33.600419,
                52.256696
              ],
              [
                33.600209,
                52.256554
              ],
              [
                33.599727,
                52.256095
              ]
            ]
          ]
        ]
      },
      "properties": {
        "name": "Знобь-Новгородское, Зноб-Новгородська селищна громада, Шосткинский район, Сумская область, 41022, Украина",
        "type": "settlement_boundary",
        "source": "OpenStreetMap Nominatim"
      }
    },
    {
      "type": "Feature",
      "geometry": {
        "type": "Polygon",
        "coordinates": [
          [
            [
              33.7612,
              51.945227
            ],
            [
              33.762843,
              51.944793
            ],
            [
              33.763114,
              51.942088
            ],
            [
              33.762284,
              51.941843
            ],
            [
              33.762825,
              51.940975
            ],
            [
              33.768496,
              51.942878
            ],
            [
              33.768693,
              51.93785
            ],
            [
              33.769051,
              51.937775
            ],
            [
              33.769082,
              51.937197
            ],
            [
              33.770863,
              51.936759
            ],
            [
              33.773012,
              51.936636
            ],
            [
              33.777346,
              51.929387
            ],
            [
              33.784203,
              51.933249
            ],
            [
              33.786735,
              51.931903
            ],
            [
              33.789823,
              51.929453
            ],
            [
              33.79134,
              51.928997
            ],
            [
              33.792333,
              51.928173
            ],
            [
              33.793775,
              51.927776
            ],
            [
              33.795384,
              51.926036
            ],
            [
              33.796738,
              51.926146
            ],
            [
              33.796917,
              51.926618
            ],
            [
              33.798258,
              51.927052
            ],
            [
              33.798398,
              51.927327
            ],
            [
              33.79541,
              51.930249
            ],
            [
              33.799726,
              51.930989
            ],
            [
              33.800735,
              51.930713
            ],
            [
              33.802702,
              51.931351
            ],
            [
              33.802293,
              51.93206
            ],
            [
              33.799164,
              51.934579
            ],
            [
              33.798922,
              51.937026
            ],
            [
              33.798435,
              51.938717
            ],
            [
              33.796737,
              51.938757
            ],
            [
              33.796057,
              51.941391
            ],
            [
              33.797425,
              51.943107
            ],
            [
              33.801528,
              51.947517
            ],
            [
              33.807383,
              51.953362
            ],
            [
              33.804075,
              51.95455
            ],
            [
              33.804103,
              51.956505
            ],
            [
              33.807146,
              51.959192
            ],
            [
              33.805619,
              51.95936
            ],
            [
              33.805746,
              51.962715
            ],
            [
              33.804653,
              51.963272
            ],
            [
              33.802766,
              51.963288
            ],
            [
              33.800698,
              51.963522
            ],
            [
              33.800364,
              51.963155
            ],
            [
              33.800183,
              51.96286
            ],
            [
              33.800734,
              51.962087
            ],
            [
              33.801059,
              51.961252
            ],
            [
              33.79732,
              51.961722
            ],
            [
              33.797193,
              51.962223
            ],
            [
              33.796471,
              51.962317
            ],
            [
              33.794689,
              51.961405
            ],
            [
              33.789937,
              51.961838
            ],
            [
              33.788975,
              51.963068
            ],
            [
              33.786035,
              51.962954
            ],
            [
              33.783797,
              51.963353
            ],
            [
              33.781948,
              51.966828
            ],
            [
              33.784223,
              51.967501
            ],
            [
              33.786127,
              51.969677
            ],
            [
              33.784112,
              51.970736
            ],
            [
              33.781283,
              51.971442
            ],
            [
              33.779341,
              51.97167
            ],
            [
              33.77481,
              51.971773
            ],
            [
              33.770887,
              51.967922
            ],
            [
              33.771737,
              51.966819
            ],
            [
              33.773176,
              51.966569
            ],
            [
              33.773699,
              51.965594
            ],
            [
              33.77526,
              51.965689
            ],
            [
              33.776422,
              51.965256
            ],
            [
              33.778747,
              51.964147
            ],
            [
              33.778938,
              51.963502
            ],
            [
              33.782029,
              51.961755
            ],
            [
              33.776435,
              51.958513
            ],
            [
              33.77452,
              51.959803
            ],
            [
              33.772229,
              51.960521
            ],
            [
              33.771165,
              51.957751
            ],
            [
              33.77062,
              51.956334
            ],
            [
              33.768063,
              51.95165
            ],
            [
              33.768099,
              51.948622
            ],
            [
              33.763367,
              51.94958
            ],
            [
              33.7612,
              51.945227
            ]
          ]
        ]
      },
      "properties": {
        "name": "Ямполь, Ямпільська селищна громада, Шосткинский район, Сумская область, 41200, Украина",
        "type": "settlement_boundary",
        "source": "OpenStreetMap Nominatim"
      }
    },
    {
      "type": "Feature",
      "geometry": {
        "type": "Polygon",
        "coordinates": [
          [
            [
              33.420504,
              51.761094
            ],
            [
              33.421349,
              51.759955
            ],
            [
              33.422078,
              51.760205
            ],
            [
              33.423635,
              51.758548
            ],
            [
              33.425273,
              51.758751
            ],
            [
              33.425628,
              51.758346
            ],
            [
              33.424864,
              51.757247
            ],
            [
              33.426092,
              51.755928
            ],
            [
              33.432538,
              51.757783
            ],
            [
              33.441228,
              51.760849
            ],
            [
              33.441055,
              51.756412
            ],
            [
              33.442019,
              51.755947
            ],
            [
              33.445505,
              51.7558
            ],
            [
              33.449086,
              51.758299
            ],
            [
              33.450367,
              51.758766
            ],
            [
              33.453036,
              51.758403
            ],
            [
              33.454387,
              51.758521
            ],
            [
              33.455734,
              51.759023
            ],
            [
              33.456499,
              51.758925
            ],
            [
              33.46046,
              51.756755
            ],
            [
              33.46023,
              51.755278
            ],
            [
              33.460719,
              51.755271
            ],
            [
              33.461434,
              51.757189
            ],
            [
              33.462087,
              51.757221
            ],
            [
              33.462424,
              51.757238
            ],
            [
              33.461954,
              51.758196
            ],
            [
              33.462495,
              51.758311
            ],
            [
              33.462412,
              51.758706
            ],
            [
              33.461769,
              51.76359
            ],
            [
              33.461992,
              51.763803
            ],
            [
              33.463953,
              51.763803
            ],
            [
              33.463834,
              51.763307
            ],
            [
              33.463557,
              51.76251
            ],
            [
              33.463722,
              51.762142
            ],
            [
              33.465773,
              51.762313
            ],
            [
              33.467097,
              51.762627
            ],
            [
              33.468581,
              51.761717
            ],
            [
              33.469114,
              51.760599
            ],
            [
              33.469389,
              51.758768
            ],
            [
              33.470458,
              51.75857
            ],
            [
              33.471354,
              51.755544
            ],
            [
              33.473235,
              51.754992
            ],
            [
              33.477885,
              51.755401
            ],
            [
              33.479663,
              51.751029
            ],
            [
              33.480435,
              51.748224
            ],
            [
              33.482984,
              51.742883
            ],
            [
              33.484409,
              51.739744
            ],
            [
              33.484944,
              51.739793
            ],
            [
              33.486489,
              51.737119
            ],
            [
              33.488102,
              51.73736
            ],
            [
              33.488855,
              51.735974
            ],
            [
              33.488078,
              51.735852
            ],
            [
              33.488809,
              51.734811
            ],
            [
              33.490088,
              51.735236
            ],
            [
              33.488713,
              51.737644
            ],
            [
              33.489499,
              51.737696
            ],
            [
              33.487353,
              51.74179
            ],
            [
              33.486013,
              51.744515
            ],
            [
              33.485063,
              51.745165
            ],
            [
              33.484132,
              51.745373
            ],
            [
              33.483894,
              51.745913
            ],
            [
              33.485028,
              51.746126
            ],
            [
              33.483683,
              51.751164
            ],
            [
              33.480057,
              51.755542
            ],
            [
              33.490843,
              51.757631
            ],
            [
              33.492803,
              51.756676
            ],
            [
              33.49581,
              51.756103
            ],
            [
              33.497246,
              51.756132
            ],
            [
              33.49834,
              51.755385
            ],
            [
              33.498978,
              51.755531
            ],
            [
              33.499605,
              51.754825
            ],
            [
              33.500374,
              51.754714
            ],
            [
              33.501627,
              51.752964
            ],
            [
              33.504695,
              51.753811
            ],
            [
              33.502075,
              51.756941
            ],
            [
              33.499641,
              51.758104
            ],
            [
              33.497278,
              51.758791
            ],
            [
              33.494774,
              51.761369
            ],
            [
              33.494311,
              51.761854
            ],
            [
              33.493446,
              51.762237
            ],
            [
              33.494261,
              51.763585
            ],
            [
              33.4945,
              51.764359
            ],
            [
              33.492789,
              51.767092
            ],
            [
              33.494789,
              51.769668
            ],
            [
              33.490861,
              51.770663
            ],
            [
              33.48989,
              51.771083
            ],
            [
              33.496697,
              51.776534
            ],
            [
              33.497017,
              51.777804
            ],
            [
              33.497039,
              51.779364
            ],
            [
              33.501661,
              51.779363
            ],
            [
              33.502024,
              51.779806
            ],
            [
              33.502243,
              51.782449
            ],
            [
              33.503154,
              51.783115
            ],
            [
              33.506601,
              51.784386
            ],
            [
              33.506153,
              51.78505
            ],
            [
              33.50847,
              51.785955
            ],
            [
              33.507661,
              51.786682
            ],
            [
              33.504381,
              51.785999
            ],
            [
              33.50006,
              51.784312
            ],
            [
              33.4964,
              51.781557
            ],
            [
              33.492072,
              51.780464
            ],
            [
              33.488884,
              51.781867
            ],
            [
              33.490499,
              51.783472
            ],
            [
              33.488604,
              51.783665
            ],
            [
              33.486513,
              51.783347
            ],
            [
              33.485145,
              51.782838
            ],
            [
              33.484789,
              51.783064
            ],
            [
              33.485493,
              51.784612
            ],
            [
              33.485544,
              51.785807
            ],
            [
              33.486743,
              51.786397
            ],
            [
              33.48747,
              51.786905
            ],
            [
              33.48768,
              51.787183
            ],
            [
              33.485879,
              51.789375
            ],
            [
              33.485068,
              51.789158
            ],
            [
              33.481936,
              51.790742
            ],
            [
              33.479157,
              51.79158
            ],
            [
              33.470526,
              51.788686
            ],
            [
              33.46887,
              51.788227
            ],
            [
              33.467942,
              51.788067
            ],
            [
              33.467588,
              51.795975
            ],
            [
              33.456754,
              51.795822
            ],
            [
              33.463287,
              51.787503
            ],
            [
              33.46297,
              51.786048
            ],
            [
              33.460357,
              51.786291
            ],
            [
              33.457266,
              51.786185
            ],
            [
              33.457497,
              51.78532
            ],
            [
              33.455529,
              51.78491
            ],
            [
              33.454909,
              51.784459
            ],
            [
              33.453635,
              51.785626
            ],
            [
              33.45268,
              51.786716
            ],
            [
              33.450918,
              51.78643
            ],
            [
              33.44826,
              51.784829
            ],
            [
              33.44777,
              51.784254
            ],
            [
              33.448001,
              51.778804
            ],
            [
              33.446669,
              51.77755
            ],
            [
              33.446752,
              51.776511
            ],
            [
              33.442843,
              51.776157
            ],
            [
              33.438634,
              51.775659
            ],
            [
              33.440271,
              51.772596
            ],
            [
              33.438932,
              51.772561
            ],
            [
              33.437642,
              51.771874
            ],
            [
              33.43601,
              51.77157
            ],
            [
              33.435751,
              51.77096
            ],
            [
              33.435017,
              51.769919
            ],
            [
              33.43248,
              51.768788
            ],
            [
              33.432597,
              51.768041
            ],
            [
              33.435649,
              51.76793
            ],
            [
              33.438166,
              51.768273
            ],
            [
              33.438907,
              51.767199
            ],
            [
              33.433064,
              51.766295
            ],
            [
              33.425944,
              51.764733
            ],
            [
              33.42582,
              51.763384
            ],
            [
              33.426124,
              51.762553
            ],
            [
              33.425027,
              51.762281
            ],
            [
              33.420504,
              51.761094
            ]
          ]
        ]
      },
      "properties": {
        "name": "Воронеж, Шосткинська міська громада, Шосткинский район, Сумская область, 41140-41141, Украина",
        "type": "settlement_boundary",
        "source": "OpenStreetMap Nominatim"
      }
    },
    {
      "type": "Feature",
      "geometry": {
        "type": "LineString",
        "coordinates": [
          [
            33.425732,
            51.756007
          ],
          [
            33.420668,
            51.761263
          ],
          [
            33.426332,
            51.76275
          ],
          [
            33.425817,
            51.765086
          ],
          [
            33.438864,
            51.767528
          ],
          [
            33.438435,
            51.768537
          ],
          [
            33.432512,
            51.768165
          ],
          [
            33.432341,
            51.768962
          ],
          [
            33.43586,
            51.771775
          ],
          [
            33.440323,
            51.772731
          ],
          [
            33.438606,
            51.775809
          ],
          [
            33.446589,
            51.776605
          ],
          [
            33.44676,
            51.777887
          ],
          [
            33.447876,
            51.778948
          ],
          [
            33.447876,
            51.784733
          ],
          [
            33.450451,
            51.786537
          ],
          [
            33.452511,
            51.786909
          ],
          [
            33.454399,
            51.784998
          ],
          [
            33.457232,
            51.785423
          ],
          [
            33.457146,
            51.786643
          ],
          [
            33.462639,
            51.786219
          ],
          [
            33.463068,
            51.787598
          ],
          [
            33.456545,
            51.795883
          ],
          [
            33.467274,
            51.796042
          ],
          [
            33.467617,
            51.788242
          ],
          [
            33.478432,
            51.791638
          ],
          [
            33.48753,
            51.787181
          ],
          [
            33.484783,
            51.78336
          ],
          [
            33.490276,
            51.783997
          ],
          [
            33.488903,
            51.781874
          ],
          [
            33.491907,
            51.780707
          ],
          [
            33.496971,
            51.781768
          ],
          [
            33.50049,
            51.784952
          ],
          [
            33.508472,
            51.786916
          ],
          [
            33.508387,
            51.786279
          ],
          [
            33.506327,
            51.785058
          ],
          [
            33.506584,
            51.784528
          ],
          [
            33.50255,
            51.782883
          ],
          [
            33.501778,
            51.779751
          ],
          [
            33.496971,
            51.779486
          ],
          [
            33.496799,
            51.777044
          ],
          [
            33.489761,
            51.771312
          ],
          [
            33.494482,
            51.769825
          ],
          [
            33.493023,
            51.767437
          ],
          [
            33.494568,
            51.764304
          ],
          [
            33.49371,
            51.762605
          ],
          [
            33.497143,
            51.759154
          ],
          [
            33.504353,
            51.75395
          ],
          [
            33.50152,
            51.753207
          ],
          [
            33.496971,
            51.756446
          ],
          [
            33.493452,
            51.756605
          ],
          [
            33.491049,
            51.757773
          ],
          [
            33.480062,
            51.755915
          ],
          [
            33.483238,
            51.751826
          ],
          [
            33.484955,
            51.746462
          ],
          [
            33.489161,
            51.738335
          ],
          [
            33.486242,
            51.737485
          ],
          [
            33.477488,
            51.755649
          ],
          [
            33.472767,
            51.755225
          ],
          [
            33.471222,
            51.755756
          ],
          [
            33.469934,
            51.758729
          ],
          [
            33.467274,
            51.762924
          ],
          [
            33.46384,
            51.762446
          ],
          [
            33.463583,
            51.764039
          ],
          [
            33.461609,
            51.764039
          ],
          [
            33.462381,
            51.757614
          ],
          [
            33.46015,
            51.756924
          ],
          [
            33.455944,
            51.759313
          ],
          [
            33.450193,
            51.758942
          ],
          [
            33.4447,
            51.75618
          ],
          [
            33.441696,
            51.756499
          ],
          [
            33.440924,
            51.761012
          ],
          [
            33.425898,
            51.755905
          ],
          [
            33.425614,
            51.756134
          ]
        ]
      },
      "properties": {
        "type": "user_drawn_shape",
        "shape": "LineString"
      }
    },
    {
      "type": "Feature",
      "geometry": {
        "type": "Polygon",
        "coordinates": [
          [
            [
              33.910494,
              51.956326
            ],
            [
              33.911542,
              51.956042
            ],
            [
              33.912812,
              51.955367
            ],
            [
              33.914638,
              51.954877
            ],
            [
              33.91729,
              51.954525
            ],
            [
              33.917417,
              51.953351
            ],
            [
              33.918004,
              51.95177
            ],
            [
              33.918981,
              51.951865
            ],
            [
              33.91959,
              51.951903
            ],
            [
              33.92008,
              51.951749
            ],
            [
              33.920531,
              51.951628
            ],
            [
              33.921059,
              51.951607
            ],
            [
              33.920992,
              51.951297
            ],
            [
              33.921097,
              51.951199
            ],
            [
              33.92151,
              51.951069
            ],
            [
              33.921764,
              51.95082
            ],
            [
              33.921956,
              51.950536
            ],
            [
              33.921745,
              51.949933
            ],
            [
              33.921856,
              51.949767
            ],
            [
              33.922196,
              51.94956
            ],
            [
              33.922143,
              51.949365
            ],
            [
              33.92235,
              51.949282
            ],
            [
              33.922609,
              51.949004
            ],
            [
              33.922724,
              51.948747
            ],
            [
              33.922964,
              51.94833
            ],
            [
              33.923626,
              51.947635
            ],
            [
              33.923765,
              51.947442
            ],
            [
              33.923751,
              51.947108
            ],
            [
              33.923861,
              51.946951
            ],
            [
              33.924073,
              51.946877
            ],
            [
              33.923778,
              51.946358
            ],
            [
              33.923001,
              51.945721
            ],
            [
              33.922032,
              51.945907
            ],
            [
              33.921762,
              51.945584
            ],
            [
              33.920031,
              51.945437
            ],
            [
              33.918999,
              51.945242
            ],
            [
              33.918968,
              51.944693
            ],
            [
              33.921921,
              51.944488
            ],
            [
              33.92281,
              51.94395
            ],
            [
              33.923223,
              51.941757
            ],
            [
              33.923858,
              51.940749
            ],
            [
              33.924557,
              51.940112
            ],
            [
              33.924144,
              51.938801
            ],
            [
              33.922921,
              51.93884
            ],
            [
              33.922286,
              51.937313
            ],
            [
              33.923175,
              51.937117
            ],
            [
              33.922,
              51.93513
            ],
            [
              33.923032,
              51.933857
            ],
            [
              33.925363,
              51.933407
            ],
            [
              33.92845,
              51.933427
            ],
            [
              33.930281,
              51.933988
            ],
            [
              33.930808,
              51.934237
            ],
            [
              33.931583,
              51.93657
            ],
            [
              33.931987,
              51.938273
            ],
            [
              33.931429,
              51.938716
            ],
            [
              33.930312,
              51.939113
            ],
            [
              33.929782,
              51.93939
            ],
            [
              33.93007,
              51.939908
            ],
            [
              33.930404,
              51.940434
            ],
            [
              33.931648,
              51.940093
            ],
            [
              33.932063,
              51.939717
            ],
            [
              33.932973,
              51.939454
            ],
            [
              33.933629,
              51.93934
            ],
            [
              33.93462,
              51.939553
            ],
            [
              33.934965,
              51.939745
            ],
            [
              33.934896,
              51.940306
            ],
            [
              33.934055,
              51.941499
            ],
            [
              33.93434,
              51.941834
            ],
            [
              33.933702,
              51.941931
            ],
            [
              33.933141,
              51.942158
            ],
            [
              33.932985,
              51.942489
            ],
            [
              33.933037,
              51.942924
            ],
            [
              33.933147,
              51.943354
            ],
            [
              33.933307,
              51.943491
            ],
            [
              33.933371,
              51.943623
            ],
            [
              33.933413,
              51.943854
            ],
            [
              33.933439,
              51.943997
            ],
            [
              33.933285,
              51.944519
            ],
            [
              33.933054,
              51.944762
            ],
            [
              33.932674,
              51.944979
            ],
            [
              33.932552,
              51.945285
            ],
            [
              33.93262,
              51.945603
            ],
            [
              33.932824,
              51.946046
            ],
            [
              33.933009,
              51.946278
            ],
            [
              33.933519,
              51.945825
            ],
            [
              33.934229,
              51.946119
            ],
            [
              33.934279,
              51.946719
            ],
            [
              33.935319,
              51.947244
            ],
            [
              33.935787,
              51.947513
            ],
            [
              33.938377,
              51.946762
            ],
            [
              33.940153,
              51.9462
            ],
            [
              33.94069,
              51.944804
            ],
            [
              33.941109,
              51.943906
            ],
            [
              33.941172,
              51.943416
            ],
            [
              33.940775,
              51.942751
            ],
            [
              33.940775,
              51.94188
            ],
            [
              33.94109,
              51.941637
            ],
            [
              33.9431,
              51.940854
            ],
            [
              33.944638,
              51.940688
            ],
            [
              33.945957,
              51.940601
            ],
            [
              33.947653,
              51.940407
            ],
            [
              33.948371,
              51.940442
            ],
            [
              33.948315,
              51.941605
            ],
            [
              33.948439,
              51.942539
            ],
            [
              33.949651,
              51.944076
            ],
            [
              33.950302,
              51.945045
            ],
            [
              33.951538,
              51.945924
            ],
            [
              33.94946,
              51.948014
            ],
            [
              33.948847,
              51.949156
            ],
            [
              33.950245,
              51.950164
            ],
            [
              33.953023,
              51.950419
            ],
            [
              33.957306,
              51.950572
            ],
            [
              33.962987,
              51.951126
            ],
            [
              33.96274,
              51.95233
            ],
            [
              33.959507,
              51.952164
            ],
            [
              33.955734,
              51.951777
            ],
            [
              33.955375,
              51.951887
            ],
            [
              33.955824,
              51.952344
            ],
            [
              33.955667,
              51.953174
            ],
            [
              33.952929,
              51.954406
            ],
            [
              33.949531,
              51.955893
            ],
            [
              33.947943,
              51.956598
            ],
            [
              33.945268,
              51.956848
            ],
            [
              33.945268,
              51.957526
            ],
            [
              33.942574,
              51.957692
            ],
            [
              33.942282,
              51.957138
            ],
            [
              33.941294,
              51.95819
            ],
            [
              33.940668,
              51.959209
            ],
            [
              33.940049,
              51.960705
            ],
            [
              33.939587,
              51.961054
            ],
            [
              33.937768,
              51.961968
            ],
            [
              33.935635,
              51.962355
            ],
            [
              33.925597,
              51.961359
            ],
            [
              33.924168,
              51.960879
            ],
            [
              33.923104,
              51.960146
            ],
            [
              33.922739,
              51.959128
            ],
            [
              33.922945,
              51.95814
            ],
            [
              33.925153,
              51.955664
            ],
            [
              33.922828,
              51.95511
            ],
            [
              33.921537,
              51.95511
            ],
            [
              33.918057,
              51.956114
            ],
            [
              33.916953,
              51.956374
            ],
            [
              33.914924,
              51.956854
            ],
            [
              33.910494,
              51.957157
            ],
            [
              33.910494,
              51.956326
            ]
          ]
        ]
      },
      "properties": {
        "name": "Свесса, Свеська селищна громада, Шосткинский район, Сумская область, 41226, Украина",
        "type": "settlement_boundary",
        "source": "OpenStreetMap Nominatim"
      }
    },
    {
      "type": "Feature",
      "geometry": {
        "type": "Polygon",
        "coordinates": [
          [
            [
              34.01406,
              52.192512
            ],
            [
              34.014779,
              52.188694
            ],
            [
              34.017629,
              52.184775
            ],
            [
              34.015168,
              52.182343
            ],
            [
              34.0151,
              52.177211
            ],
            [
              34.016795,
              52.175711
            ],
            [
              34.026471,
              52.172134
            ],
            [
              34.042282,
              52.171561
            ],
            [
              34.048236,
              52.174832
            ],
            [
              34.053935,
              52.177957
            ],
            [
              34.058292,
              52.176605
            ],
            [
              34.05967,
              52.178082
            ],
            [
              34.062538,
              52.180668
            ],
            [
              34.064964,
              52.182331
            ],
            [
              34.064578,
              52.183315
            ],
            [
              34.061347,
              52.184845
            ],
            [
              34.060066,
              52.188251
            ],
            [
              34.057638,
              52.191376
            ],
            [
              34.057159,
              52.191974
            ],
            [
              34.053088,
              52.197299
            ],
            [
              34.052719,
              52.201266
            ],
            [
              34.047746,
              52.200655
            ],
            [
              34.038539,
              52.202032
            ],
            [
              34.029543,
              52.201448
            ],
            [
              34.023875,
              52.201227
            ],
            [
              34.019003,
              52.200253
            ],
            [
              34.017518,
              52.197018
            ],
            [
              34.014465,
              52.195006
            ],
            [
              34.015576,
              52.192516
            ],
            [
              34.01406,
              52.192512
            ]
          ]
        ]
      },
      "properties": {
        "name": "Середина-Буда, Середино-Будська міська громада, Шосткинский район, Сумская область, 41000, Украина",
        "type": "settlement_boundary",
        "source": "OpenStreetMap Nominatim"
      }
    },
    {
      "type": "Feature",
      "geometry": {
        "type": "LineString",
        "coordinates": [
          [
            34.033241,
            51.759347
          ],
          [
            34.045043,
            51.766834
          ],
          [
            34.053798,
            51.770205
          ],
          [
            34.051824,
            51.771696
          ],
          [
            34.057789,
            51.775226
          ],
          [
            34.059892,
            51.774165
          ],
          [
            34.065084,
            51.775439
          ],
          [
            34.059119,
            51.778517
          ],
          [
            34.058905,
            51.782445
          ],
          [
            34.062552,
            51.782789
          ],
          [
            34.062166,
            51.789696
          ],
          [
            34.064527,
            51.792455
          ],
          [
            34.067659,
            51.793755
          ],
          [
            34.067144,
            51.794259
          ],
          [
            34.072037,
            51.795402
          ],
          [
            34.087014,
            51.796782
          ],
          [
            34.086971,
            51.795986
          ],
          [
            34.079332,
            51.794659
          ],
          [
            34.074354,
            51.793996
          ],
          [
            34.07341,
            51.794553
          ],
          [
            34.067831,
            51.792431
          ],
          [
            34.068389,
            51.792007
          ],
          [
            34.066544,
            51.790388
          ],
          [
            34.065428,
            51.790309
          ],
          [
            34.063582,
            51.787655
          ],
          [
            34.064097,
            51.785188
          ],
          [
            34.064913,
            51.782879
          ],
          [
            34.065385,
            51.782344
          ],
          [
            34.07032,
            51.780274
          ],
          [
            34.086113,
            51.773371
          ],
          [
            34.093537,
            51.776582
          ],
          [
            34.101777,
            51.782211
          ],
          [
            34.113579,
            51.785927
          ],
          [
            34.120531,
            51.788342
          ],
          [
            34.125123,
            51.790703
          ],
          [
            34.126582,
            51.790199
          ],
          [
            34.125466,
            51.789031
          ],
          [
            34.116712,
            51.784521
          ],
          [
            34.105897,
            51.781045
          ],
          [
            34.095125,
            51.775871
          ],
          [
            34.095383,
            51.77481
          ],
          [
            34.090834,
            51.773111
          ],
          [
            34.088216,
            51.77345
          ],
          [
            34.083238,
            51.772361
          ],
          [
            34.073753,
            51.770021
          ],
          [
            34.070835,
            51.767738
          ],
          [
            34.073496,
            51.765004
          ],
          [
            34.068947,
            51.762774
          ],
          [
            34.070106,
            51.761819
          ],
          [
            34.067445,
            51.761553
          ],
          [
            34.066114,
            51.763438
          ],
          [
            34.067702,
            51.764049
          ],
          [
            34.066329,
            51.765562
          ],
          [
            34.063454,
            51.764075
          ],
          [
            34.064655,
            51.762987
          ],
          [
            34.060149,
            51.759934
          ],
          [
            34.060621,
            51.759323
          ],
          [
            34.055943,
            51.755712
          ],
          [
            34.053283,
            51.755819
          ],
          [
            34.052896,
            51.75635
          ],
          [
            34.054184,
            51.758049
          ],
          [
            34.04942,
            51.762721
          ],
          [
            34.046588,
            51.763144
          ],
          [
            34.044099,
            51.762109
          ],
          [
            34.041996,
            51.761074
          ],
          [
            34.041696,
            51.760251
          ],
          [
            34.042039,
            51.759773
          ],
          [
            34.039378,
            51.759321
          ],
          [
            34.038219,
            51.760118
          ],
          [
            34.036031,
            51.758631
          ],
          [
            34.03646,
            51.757888
          ],
          [
            34.03367,
            51.756773
          ],
          [
            34.032512,
            51.758153
          ],
          [
            34.033265,
            51.759374
          ]
        ]
      },
      "properties": {
        "type": "user_drawn_shape",
        "shape": "LineString"
      }
    },
    {
      "type": "Feature",
      "geometry": {
        "type": "Polygon",
        "coordinates": [
          [
            [
              33.328954,
              51.562626
            ],
            [
              33.33022,
              51.560035
            ],
            [
              33.335411,
              51.561118
            ],
            [
              33.333947,
              51.560454
            ],
            [
              33.333485,
              51.560438
            ],
            [
              33.333077,
              51.560241
            ],
            [
              33.333034,
              51.560097
            ],
            [
              33.333995,
              51.559967
            ],
            [
              33.337299,
              51.561118
            ],
            [
              33.337551,
              51.561071
            ],
            [
              33.339912,
              51.561805
            ],
            [
              33.34055,
              51.561378
            ],
            [
              33.339649,
              51.560628
            ],
            [
              33.334337,
              51.55882
            ],
            [
              33.333853,
              51.556843
            ],
            [
              33.334027,
              51.556239
            ],
            [
              33.332616,
              51.555798
            ],
            [
              33.332641,
              51.555133
            ],
            [
              33.334222,
              51.554443
            ],
            [
              33.332119,
              51.55345
            ],
            [
              33.332136,
              51.553226
            ],
            [
              33.332055,
              51.552493
            ],
            [
              33.333113,
              51.552314
            ],
            [
              33.334045,
              51.552086
            ],
            [
              33.335859,
              51.551857
            ],
            [
              33.336164,
              51.552308
            ],
            [
              33.336885,
              51.552162
            ],
            [
              33.336681,
              51.551716
            ],
            [
              33.337079,
              51.551562
            ],
            [
              33.336677,
              51.55074
            ],
            [
              33.339698,
              51.55046
            ],
            [
              33.339563,
              51.549483
            ],
            [
              33.343758,
              51.549073
            ],
            [
              33.343692,
              51.547318
            ],
            [
              33.349185,
              51.546868
            ],
            [
              33.349273,
              51.546791
            ],
            [
              33.345512,
              51.545398
            ],
            [
              33.340316,
              51.543546
            ],
            [
              33.343789,
              51.543269
            ],
            [
              33.346298,
              51.544185
            ],
            [
              33.350568,
              51.545692
            ],
            [
              33.352533,
              51.546399
            ],
            [
              33.354932,
              51.543843
            ],
            [
              33.355306,
              51.54335
            ],
            [
              33.355262,
              51.542988
            ],
            [
              33.355296,
              51.542422
            ],
            [
              33.354541,
              51.542438
            ],
            [
              33.354337,
              51.542213
            ],
            [
              33.354396,
              51.542024
            ],
            [
              33.354527,
              51.54201
            ],
            [
              33.354569,
              51.541884
            ],
            [
              33.354793,
              51.541816
            ],
            [
              33.354833,
              51.541738
            ],
            [
              33.355116,
              51.541568
            ],
            [
              33.354822,
              51.539595
            ],
            [
              33.355037,
              51.538639
            ],
            [
              33.355578,
              51.537597
            ],
            [
              33.356592,
              51.536758
            ],
            [
              33.357562,
              51.536149
            ],
            [
              33.366584,
              51.532408
            ],
            [
              33.377902,
              51.52659
            ],
            [
              33.382312,
              51.524834
            ],
            [
              33.382924,
              51.524592
            ],
            [
              33.387339,
              51.525792
            ],
            [
              33.388806,
              51.526179
            ],
            [
              33.389962,
              51.525577
            ],
            [
              33.389871,
              51.525894
            ],
            [
              33.390115,
              51.526673
            ],
            [
              33.392285,
              51.527231
            ],
            [
              33.392824,
              51.527267
            ],
            [
              33.393057,
              51.526792
            ],
            [
              33.393277,
              51.526642
            ],
            [
              33.395317,
              51.52661
            ],
            [
              33.395412,
              51.526204
            ],
            [
              33.396009,
              51.526219
            ],
            [
              33.396403,
              51.523299
            ],
            [
              33.398843,
              51.523216
            ],
            [
              33.401197,
              51.523157
            ],
            [
              33.40139,
              51.5235
            ],
            [
              33.403015,
              51.524809
            ],
            [
              33.403159,
              51.524889
            ],
            [
              33.403546,
              51.524986
            ],
            [
              33.404821,
              51.524976
            ],
            [
              33.407561,
              51.524558
            ],
            [
              33.408493,
              51.524113
            ],
            [
              33.409324,
              51.523999
            ],
            [
              33.410197,
              51.523966
            ],
            [
              33.410851,
              51.523678
            ],
            [
              33.411465,
              51.523207
            ],
            [
              33.414145,
              51.523011
            ],
            [
              33.414343,
              51.524159
            ],
            [
              33.413429,
              51.52421
            ],
            [
              33.415422,
              51.525515
            ],
            [
              33.416188,
              51.526194
            ],
            [
              33.415822,
              51.526367
            ],
            [
              33.415257,
              51.526302
            ],
            [
              33.416489,
              51.527152
            ],
            [
              33.417019,
              51.526851
            ],
            [
              33.417374,
              51.526952
            ],
            [
              33.417937,
              51.527663
            ],
            [
              33.418253,
              51.527482
            ],
            [
              33.419624,
              51.526622
            ],
            [
              33.419992,
              51.526381
            ],
            [
              33.420399,
              51.52662
            ],
            [
              33.421062,
              51.526637
            ],
            [
              33.421193,
              51.526748
            ],
            [
              33.421153,
              51.527244
            ],
            [
              33.421558,
              51.527788
            ],
            [
              33.421523,
              51.528128
            ],
            [
              33.421545,
              51.52826
            ],
            [
              33.421612,
              51.528345
            ],
            [
              33.421754,
              51.52842
            ],
            [
              33.422183,
              51.528482
            ],
            [
              33.423055,
              51.528267
            ],
            [
              33.42317,
              51.528285
            ],
            [
              33.423232,
              51.528312
            ],
            [
              33.423243,
              51.528399
            ],
            [
              33.42313,
              51.528504
            ],
            [
              33.422465,
              51.528826
            ],
            [
              33.422132,
              51.528931
            ],
            [
              33.421934,
              51.529101
            ],
            [
              33.421952,
              51.5293
            ],
            [
              33.422231,
              51.529448
            ],
            [
              33.42214,
              51.52968
            ],
            [
              33.421928,
              51.529949
            ],
            [
              33.421695,
              51.530041
            ],
            [
              33.421212,
              51.530141
            ],
            [
              33.42077,
              51.530393
            ],
            [
              33.420415,
              51.530478
            ],
            [
              33.419622,
              51.53248
            ],
            [
              33.419136,
              51.532579
            ],
            [
              33.418425,
              51.532475
            ],
            [
              33.417216,
              51.532715
            ],
            [
              33.417374,
              51.533034
            ],
            [
              33.417843,
              51.533316
            ],
            [
              33.417548,
              51.533576
            ],
            [
              33.416116,
              51.534197
            ],
            [
              33.415848,
              51.534434
            ],
            [
              33.416247,
              51.534693
            ],
            [
              33.416596,
              51.535118
            ],
            [
              33.41596,
              51.53522
            ],
            [
              33.415373,
              51.535715
            ],
            [
              33.422245,
              51.538495
            ],
            [
              33.422481,
              51.538648
            ],
            [
              33.422604,
              51.538708
            ],
            [
              33.421306,
              51.540907
            ],
            [
              33.416945,
              51.543303
            ],
            [
              33.416323,
              51.543796
            ],
            [
              33.415464,
              51.543933
            ],
            [
              33.415341,
              51.545131
            ],
            [
              33.413634,
              51.545115
            ],
            [
              33.409298,
              51.545066
            ],
            [
              33.408463,
              51.545203
            ],
            [
              33.406914,
              51.545648
            ],
            [
              33.406755,
              51.545595
            ],
            [
              33.405389,
              51.546088
            ],
            [
              33.405098,
              51.546309
            ],
            [
              33.404246,
              51.54804
            ],
            [
              33.403553,
              51.549695
            ],
            [
              33.406882,
              51.550582
            ],
            [
              33.409381,
              51.550451
            ],
            [
              33.410421,
              51.550526
            ],
            [
              33.411976,
              51.550385
            ],
            [
              33.414942,
              51.550402
            ],
            [
              33.417024,
              51.550388
            ],
            [
              33.41813,
              51.549398
            ],
            [
              33.41841,
              51.549244
            ],
            [
              33.41861,
              51.548487
            ],
            [
              33.41897,
              51.548288
            ],
            [
              33.418826,
              51.547029
            ],
            [
              33.420594,
              51.547109
            ],
            [
              33.422242,
              51.548119
            ],
            [
              33.423591,
              51.549411
            ],
            [
              33.423988,
              51.550779
            ],
            [
              33.423746,
              51.551244
            ],
            [
              33.423666,
              51.551338
            ],
            [
              33.42277,
              51.550975
            ],
            [
              33.4222,
              51.550917
            ],
            [
              33.420431,
              51.55142
            ],
            [
              33.41937,
              51.551492
            ],
            [
              33.418626,
              51.551655
            ],
            [
              33.418512,
              51.551994
            ],
            [
              33.417395,
              51.551976
            ],
            [
              33.415286,
              51.552413
            ],
            [
              33.414227,
              51.552029
            ],
            [
              33.411185,
              51.5522
            ],
            [
              33.408865,
              51.552221
            ],
            [
              33.406823,
              51.552075
            ],
            [
              33.405689,
              51.552877
            ],
            [
              33.405758,
              51.553293
            ],
            [
              33.408483,
              51.553419
            ],
            [
              33.408517,
              51.553527
            ],
            [
              33.408549,
              51.554634
            ],
            [
              33.409515,
              51.554604
            ],
            [
              33.410002,
              51.555279
            ],
            [
              33.409215,
              51.555158
            ],
            [
              33.409142,
              51.555423
            ],
            [
              33.408346,
              51.555513
            ],
            [
              33.40824,
              51.556747
            ],
            [
              33.408582,
              51.557829
            ],
            [
              33.409879,
              51.55914
            ],
            [
              33.410035,
              51.559264
            ],
            [
              33.413503,
              51.561515
            ],
            [
              33.414127,
              51.561057
            ],
            [
              33.414404,
              51.561192
            ],
            [
              33.41666,
              51.559334
            ],
            [
              33.419943,
              51.556656
            ],
            [
              33.423473,
              51.557696
            ],
            [
              33.426064,
              51.557256
            ],
            [
              33.42806,
              51.557032
            ],
            [
              33.428585,
              51.557036
            ],
            [
              33.429111,
              51.557223
            ],
            [
              33.429755,
              51.557286
            ],
            [
              33.429669,
              51.55788
            ],
            [
              33.427459,
              51.557783
            ],
            [
              33.42725,
              51.558813
            ],
            [
              33.43064,
              51.560148
            ],
            [
              33.431418,
              51.560744
            ],
            [
              33.431375,
              51.561308
            ],
            [
              33.431981,
              51.562025
            ],
            [
              33.432212,
              51.562595
            ],
            [
              33.431901,
              51.563909
            ],
            [
              33.4313,
              51.563966
            ],
            [
              33.430855,
              51.56469
            ],
            [
              33.429825,
              51.567117
            ],
            [
              33.429288,
              51.567884
            ],
            [
              33.429218,
              51.568181
            ],
            [
              33.426255,
              51.567396
            ],
            [
              33.426252,
              51.569188
            ],
            [
              33.426257,
              51.571278
            ],
            [
              33.429093,
              51.572055
            ],
            [
              33.429049,
              51.572302
            ],
            [
              33.428827,
              51.573591
            ],
            [
              33.428757,
              51.573646
            ],
            [
              33.428536,
              51.573644
            ],
            [
              33.427175,
              51.573959
            ],
            [
              33.42283,
              51.574949
            ],
            [
              33.422545,
              51.575553
            ],
            [
              33.41894,
              51.576289
            ],
            [
              33.419246,
              51.576803
            ],
            [
              33.418838,
              51.576966
            ],
            [
              33.418484,
              51.576983
            ],
            [
              33.417749,
              51.576783
            ],
            [
              33.417395,
              51.576753
            ],
            [
              33.417079,
              51.576873
            ],
            [
              33.416977,
              51.577073
            ],
            [
              33.416902,
              51.577293
            ],
            [
              33.41702,
              51.57772
            ],
            [
              33.417283,
              51.578186
            ],
            [
              33.41747,
              51.578393
            ],
            [
              33.417133,
              51.578806
            ],
            [
              33.416387,
              51.579136
            ],
            [
              33.415266,
              51.578966
            ],
            [
              33.415083,
              51.578796
            ],
            [
              33.414456,
              51.57861
            ],
            [
              33.414187,
              51.57846
            ],
            [
              33.414547,
              51.57831
            ],
            [
              33.414729,
              51.578073
            ],
            [
              33.414971,
              51.57788
            ],
            [
              33.414713,
              51.577606
            ],
            [
              33.414536,
              51.577516
            ],
            [
              33.414397,
              51.577416
            ],
            [
              33.414515,
              51.577046
            ],
            [
              33.414794,
              51.576703
            ],
            [
              33.414552,
              51.57651
            ],
            [
              33.414386,
              51.576466
            ],
            [
              33.413683,
              51.576716
            ],
            [
              33.413399,
              51.576956
            ],
            [
              33.413334,
              51.57715
            ],
            [
              33.41298,
              51.57754
            ],
            [
              33.410963,
              51.579186
            ],
            [
              33.410234,
              51.57893
            ],
            [
              33.410389,
              51.57851
            ],
            [
              33.406956,
              51.57811
            ],
            [
              33.406908,
              51.576996
            ],
            [
              33.405771,
              51.576966
            ],
            [
              33.405175,
              51.577846
            ],
            [
              33.403131,
              51.57811
            ],
            [
              33.402788,
              51.577563
            ],
            [
              33.401769,
              51.577326
            ],
            [
              33.400889,
              51.577316
            ],
            [
              33.400063,
              51.57745
            ],
            [
              33.399671,
              51.576986
            ],
            [
              33.39708,
              51.576926
            ],
            [
              33.39656,
              51.57728
            ],
            [
              33.395943,
              51.578093
            ],
            [
              33.395562,
              51.57831
            ],
            [
              33.394945,
              51.578363
            ],
            [
              33.394731,
              51.57859
            ],
            [
              33.394479,
              51.578743
            ],
            [
              33.394387,
              51.578886
            ],
            [
              33.39443,
              51.57907
            ],
            [
              33.394318,
              51.57923
            ],
            [
              33.393363,
              51.579567
            ],
            [
              33.39303,
              51.579647
            ],
            [
              33.392445,
              51.579493
            ],
            [
              33.392032,
              51.57951
            ],
            [
              33.391855,
              51.57951
            ],
            [
              33.39177,
              51.579477
            ],
            [
              33.39163,
              51.579223
            ],
            [
              33.391319,
              51.57893
            ],
            [
              33.391142,
              51.578453
            ],
            [
              33.390654,
              51.57841
            ],
            [
              33.390471,
              51.578343
            ],
            [
              33.390396,
              51.578246
            ],
            [
              33.390418,
              51.577693
            ],
            [
              33.390332,
              51.577546
            ],
            [
              33.390117,
              51.57751
            ],
            [
              33.389715,
              51.577456
            ],
            [
              33.389404,
              51.57748
            ],
            [
              33.388948,
              51.577713
            ],
            [
              33.388605,
              51.5778
            ],
            [
              33.388127,
              51.577826
            ],
            [
              33.387886,
              51.57776
            ],
            [
              33.387655,
              51.577376
            ],
            [
              33.387462,
              51.57722
            ],
            [
              33.387301,
              51.577233
            ],
            [
              33.386738,
              51.57732
            ],
            [
              33.386266,
              51.57743
            ],
            [
              33.385584,
              51.5775
            ],
            [
              33.384211,
              51.5775
            ],
            [
              33.383637,
              51.57756
            ],
            [
              33.383224,
              51.577693
            ],
            [
              33.382822,
              51.577876
            ],
            [
              33.382425,
              51.577886
            ],
            [
              33.381776,
              51.577476
            ],
            [
              33.381459,
              51.577336
            ],
            [
              33.380404,
              51.577242
            ],
            [
              33.379635,
              51.577003
            ],
            [
              33.378685,
              51.576829
            ],
            [
              33.377592,
              51.576775
            ],
            [
              33.374531,
              51.577284
            ],
            [
              33.374538,
              51.578318
            ],
            [
              33.373724,
              51.578385
            ],
            [
              33.373708,
              51.578076
            ],
            [
              33.37324,
              51.57808
            ],
            [
              33.372212,
              51.57829
            ],
            [
              33.371777,
              51.577853
            ],
            [
              33.372903,
              51.577312
            ],
            [
              33.372404,
              51.576393
            ],
            [
              33.371353,
              51.577096
            ],
            [
              33.370909,
              51.577142
            ],
            [
              33.370612,
              51.577013
            ],
            [
              33.370178,
              51.576696
            ],
            [
              33.369663,
              51.5769
            ],
            [
              33.369085,
              51.577241
            ],
            [
              33.368381,
              51.577493
            ],
            [
              33.36755,
              51.577457
            ],
            [
              33.366298,
              51.577724
            ],
            [
              33.365506,
              51.577641
            ],
            [
              33.365162,
              51.577332
            ],
            [
              33.364772,
              51.577023
            ],
            [
              33.363481,
              51.577438
            ],
            [
              33.362425,
              51.576386
            ],
            [
              33.36233,
              51.576203
            ],
            [
              33.361133,
              51.576399
            ],
            [
              33.361348,
              51.576912
            ],
            [
              33.360881,
              51.577086
            ],
            [
              33.360629,
              51.576708
            ],
            [
              33.3589,
              51.577401
            ],
            [
              33.358207,
              51.576917
            ],
            [
              33.357798,
              51.577351
            ],
            [
              33.357357,
              51.577481
            ],
            [
              33.352787,
              51.572828
            ],
            [
              33.351263,
              51.570939
            ],
            [
              33.349328,
              51.568557
            ],
            [
              33.346676,
              51.570235
            ],
            [
              33.345797,
              51.570871
            ],
            [
              33.34248,
              51.568756
            ],
            [
              33.335708,
              51.57214
            ],
            [
              33.330533,
              51.56843
            ],
            [
              33.336033,
              51.565604
            ],
            [
              33.336657,
              51.565153
            ],
            [
              33.330728,
              51.563546
            ],
            [
              33.331016,
              51.563161
            ],
            [
              33.328954,
              51.562626
            ]
          ]
        ]
      },
      "properties": {
        "name": "Krolevets",
        "display_name": "Кролевець, Кролевецька міська громада, Конотопський район, Сумська область, 41300, Україна"
      },
      "bbox": [
        33.3289543,
        51.5230111,
        33.4322119,
        51.5796465
      ]
    },
    {
      "type": "Feature",
      "geometry": {
        "type": "Polygon",
        "coordinates": [
          [
            [
              33.135369,
              51.228536
            ],
            [
              33.137233,
              51.226529
            ],
            [
              33.146206,
              51.226973
            ],
            [
              33.147388,
              51.226938
            ],
            [
              33.148507,
              51.227107
            ],
            [
              33.157046,
              51.227585
            ],
            [
              33.15726,
              51.225948
            ],
            [
              33.153453,
              51.22562
            ],
            [
              33.149688,
              51.223154
            ],
            [
              33.149544,
              51.223143
            ],
            [
              33.140302,
              51.222489
            ],
            [
              33.139331,
              51.22224
            ],
            [
              33.135525,
              51.221628
            ],
            [
              33.135822,
              51.219316
            ],
            [
              33.139776,
              51.219138
            ],
            [
              33.142597,
              51.21785
            ],
            [
              33.143299,
              51.215035
            ],
            [
              33.145219,
              51.214307
            ],
            [
              33.147206,
              51.211481
            ],
            [
              33.1475,
              51.210939
            ],
            [
              33.150197,
              51.209864
            ],
            [
              33.151846,
              51.20726
            ],
            [
              33.153683,
              51.204955
            ],
            [
              33.158884,
              51.203482
            ],
            [
              33.159102,
              51.202072
            ],
            [
              33.159308,
              51.200021
            ],
            [
              33.159474,
              51.197482
            ],
            [
              33.160428,
              51.197439
            ],
            [
              33.166858,
              51.197878
            ],
            [
              33.165827,
              51.200305
            ],
            [
              33.165884,
              51.201134
            ],
            [
              33.166162,
              51.205205
            ],
            [
              33.166405,
              51.2052
            ],
            [
              33.168587,
              51.204846
            ],
            [
              33.174217,
              51.203151
            ],
            [
              33.174591,
              51.202455
            ],
            [
              33.180761,
              51.200501
            ],
            [
              33.180805,
              51.202592
            ],
            [
              33.183824,
              51.20261
            ],
            [
              33.1839,
              51.205077
            ],
            [
              33.184001,
              51.205233
            ],
            [
              33.186245,
              51.204842
            ],
            [
              33.191247,
              51.204541
            ],
            [
              33.188427,
              51.211943
            ],
            [
              33.187362,
              51.212241
            ],
            [
              33.188873,
              51.213449
            ],
            [
              33.190058,
              51.213192
            ],
            [
              33.192377,
              51.214348
            ],
            [
              33.192879,
              51.214482
            ],
            [
              33.192589,
              51.215137
            ],
            [
              33.193872,
              51.215541
            ],
            [
              33.195958,
              51.216794
            ],
            [
              33.198179,
              51.218318
            ],
            [
              33.19836,
              51.21836
            ],
            [
              33.19907,
              51.218845
            ],
            [
              33.200296,
              51.219774
            ],
            [
              33.200601,
              51.219892
            ],
            [
              33.202712,
              51.221529
            ],
            [
              33.204014,
              51.222266
            ],
            [
              33.20598,
              51.223694
            ],
            [
              33.207565,
              51.223434
            ],
            [
              33.211265,
              51.223102
            ],
            [
              33.211952,
              51.222944
            ],
            [
              33.210218,
              51.221884
            ],
            [
              33.2111,
              51.221705
            ],
            [
              33.209268,
              51.219525
            ],
            [
              33.212987,
              51.218372
            ],
            [
              33.211653,
              51.216652
            ],
            [
              33.216837,
              51.215939
            ],
            [
              33.217528,
              51.213602
            ],
            [
              33.220633,
              51.213351
            ],
            [
              33.220063,
              51.215691
            ],
            [
              33.220794,
              51.215627
            ],
            [
              33.224033,
              51.214993
            ],
            [
              33.22475,
              51.21362
            ],
            [
              33.230306,
              51.214377
            ],
            [
              33.232406,
              51.216765
            ],
            [
              33.235905,
              51.214699
            ],
            [
              33.237505,
              51.21647
            ],
            [
              33.239661,
              51.21587
            ],
            [
              33.239691,
              51.215605
            ],
            [
              33.243299,
              51.214443
            ],
            [
              33.243729,
              51.214676
            ],
            [
              33.247106,
              51.213826
            ],
            [
              33.246809,
              51.213534
            ],
            [
              33.251471,
              51.212035
            ],
            [
              33.251896,
              51.212402
            ],
            [
              33.26149,
              51.209592
            ],
            [
              33.265271,
              51.208463
            ],
            [
              33.264992,
              51.208087
            ],
            [
              33.265881,
              51.207833
            ],
            [
              33.269843,
              51.212632
            ],
            [
              33.27321,
              51.213941
            ],
            [
              33.275034,
              51.214008
            ],
            [
              33.274541,
              51.216387
            ],
            [
              33.274707,
              51.218679
            ],
            [
              33.27656,
              51.221865
            ],
            [
              33.274847,
              51.2227
            ],
            [
              33.272604,
              51.223831
            ],
            [
              33.270958,
              51.225089
            ],
            [
              33.269277,
              51.224261
            ],
            [
              33.267903,
              51.225284
            ],
            [
              33.266884,
              51.225037
            ],
            [
              33.265599,
              51.225513
            ],
            [
              33.265181,
              51.224659
            ],
            [
              33.262653,
              51.224854
            ],
            [
              33.260518,
              51.225137
            ],
            [
              33.259135,
              51.225569
            ],
            [
              33.257499,
              51.225697
            ],
            [
              33.256463,
              51.225257
            ],
            [
              33.256257,
              51.225182
            ],
            [
              33.255765,
              51.22519
            ],
            [
              33.252587,
              51.225515
            ],
            [
              33.250091,
              51.226359
            ],
            [
              33.245523,
              51.226825
            ],
            [
              33.244035,
              51.227759
            ],
            [
              33.245434,
              51.230709
            ],
            [
              33.246062,
              51.234318
            ],
            [
              33.24579,
              51.234886
            ],
            [
              33.245991,
              51.237012
            ],
            [
              33.246064,
              51.238306
            ],
            [
              33.267832,
              51.235974
            ],
            [
              33.268518,
              51.239886
            ],
            [
              33.257863,
              51.241128
            ],
            [
              33.247077,
              51.242429
            ],
            [
              33.246423,
              51.242837
            ],
            [
              33.246451,
              51.243235
            ],
            [
              33.24652,
              51.243239
            ],
            [
              33.246539,
              51.243793
            ],
            [
              33.246458,
              51.243795
            ],
            [
              33.246611,
              51.246468
            ],
            [
              33.245793,
              51.246476
            ],
            [
              33.245639,
              51.244271
            ],
            [
              33.244788,
              51.244312
            ],
            [
              33.244865,
              51.24591
            ],
            [
              33.245062,
              51.247497
            ],
            [
              33.247121,
              51.247596
            ],
            [
              33.251148,
              51.247823
            ],
            [
              33.252495,
              51.247884
            ],
            [
              33.252262,
              51.249244
            ],
            [
              33.249958,
              51.249065
            ],
            [
              33.249969,
              51.248488
            ],
            [
              33.247533,
              51.248381
            ],
            [
              33.247475,
              51.248753
            ],
            [
              33.247384,
              51.250655
            ],
            [
              33.250217,
              51.25101
            ],
            [
              33.250789,
              51.251071
            ],
            [
              33.250557,
              51.251698
            ],
            [
              33.250055,
              51.253088
            ],
            [
              33.249502,
              51.254412
            ],
            [
              33.246599,
              51.25387
            ],
            [
              33.246235,
              51.253895
            ],
            [
              33.246554,
              51.254833
            ],
            [
              33.247529,
              51.257596
            ],
            [
              33.247661,
              51.258035
            ],
            [
              33.24785,
              51.258695
            ],
            [
              33.247957,
              51.25903
            ],
            [
              33.248269,
              51.259232
            ],
            [
              33.248693,
              51.25951
            ],
            [
              33.249797,
              51.260311
            ],
            [
              33.251255,
              51.261575
            ],
            [
              33.252255,
              51.260967
            ],
            [
              33.252955,
              51.261325
            ],
            [
              33.252905,
              51.261672
            ],
            [
              33.252806,
              51.262044
            ],
            [
              33.252211,
              51.262554
            ],
            [
              33.252661,
              51.262917
            ],
            [
              33.251496,
              51.263441
            ],
            [
              33.246853,
              51.26192
            ],
            [
              33.246704,
              51.262266
            ],
            [
              33.24619,
              51.262267
            ],
            [
              33.245477,
              51.262199
            ],
            [
              33.244176,
              51.262071
            ],
            [
              33.238839,
              51.266441
            ],
            [
              33.238631,
              51.266632
            ],
            [
              33.236697,
              51.268158
            ],
            [
              33.23636,
              51.268455
            ],
            [
              33.235943,
              51.268915
            ],
            [
              33.236364,
              51.271655
            ],
            [
              33.236335,
              51.272528
            ],
            [
              33.232995,
              51.272469
            ],
            [
              33.233178,
              51.274154
            ],
            [
              33.221785,
              51.274315
            ],
            [
              33.220543,
              51.274189
            ],
            [
              33.219091,
              51.273956
            ],
            [
              33.218343,
              51.273602
            ],
            [
              33.217734,
              51.273148
            ],
            [
              33.210594,
              51.271735
            ],
            [
              33.209926,
              51.269051
            ],
            [
              33.217178,
              51.267989
            ],
            [
              33.216822,
              51.265711
            ],
            [
              33.216622,
              51.263887
            ],
            [
              33.213808,
              51.261831
            ],
            [
              33.213636,
              51.261811
            ],
            [
              33.213164,
              51.261524
            ],
            [
              33.209953,
              51.262935
            ],
            [
              33.210297,
              51.263315
            ],
            [
              33.210109,
              51.263375
            ],
            [
              33.209283,
              51.263729
            ],
            [
              33.209143,
              51.263613
            ],
            [
              33.205983,
              51.265044
            ],
            [
              33.203748,
              51.262865
            ],
            [
              33.188823,
              51.268959
            ],
            [
              33.18675,
              51.267051
            ],
            [
              33.179575,
              51.27007
            ],
            [
              33.180552,
              51.267945
            ],
            [
              33.177227,
              51.26489
            ],
            [
              33.181821,
              51.262911
            ],
            [
              33.186953,
              51.260708
            ],
            [
              33.197359,
              51.256505
            ],
            [
              33.193071,
              51.251535
            ],
            [
              33.186201,
              51.251799
            ],
            [
              33.17866,
              51.252176
            ],
            [
              33.177694,
              51.252226
            ],
            [
              33.175608,
              51.25224
            ],
            [
              33.175588,
              51.249253
            ],
            [
              33.17524,
              51.249234
            ],
            [
              33.170991,
              51.248999
            ],
            [
              33.170926,
              51.248828
            ],
            [
              33.170794,
              51.248607
            ],
            [
              33.170643,
              51.248179
            ],
            [
              33.170555,
              51.248071
            ],
            [
              33.170216,
              51.247824
            ],
            [
              33.167775,
              51.247946
            ],
            [
              33.166703,
              51.248555
            ],
            [
              33.163715,
              51.248452
            ],
            [
              33.163597,
              51.248448
            ],
            [
              33.15715,
              51.248225
            ],
            [
              33.160772,
              51.254209
            ],
            [
              33.154741,
              51.255533
            ],
            [
              33.152618,
              51.255822
            ],
            [
              33.152173,
              51.255825
            ],
            [
              33.149239,
              51.251068
            ],
            [
              33.146381,
              51.246303
            ],
            [
              33.144255,
              51.242156
            ],
            [
              33.143229,
              51.240511
            ],
            [
              33.139744,
              51.234937
            ],
            [
              33.13847,
              51.232927
            ],
            [
              33.135369,
              51.228536
            ]
          ]
        ]
      },
      "properties": {
        "name": "Konotop",
        "display_name": "Конотоп, Конотопська міська громада, Конотопський район, Сумська область, 41600-41615, Україна"
      },
      "bbox": [
        33.1353694,
        51.1974386,
        33.2765597,
        51.2743154
      ]
    },
    {
      "type": "Feature",
      "geometry": {
        "type": "Polygon",
        "coordinates": [
          [
            [
              33.3600444,
              52.2228375
            ],
            [
              33.3611977,
              52.2225056
            ],
            [
              33.3618039,
              52.2223742
            ],
            [
              33.3623511,
              52.2223315
            ],
            [
              33.3634186,
              52.221901
            ],
            [
              33.3648831,
              52.2219075
            ],
            [
              33.3637887,
              52.221086
            ],
            [
              33.3649474,
              52.2205963
            ],
            [
              33.3656341,
              52.2218747
            ],
            [
              33.3712345,
              52.2187526
            ],
            [
              33.3717173,
              52.2189794
            ],
            [
              33.3731174,
              52.2185554
            ],
            [
              33.3743298,
              52.2180263
            ],
            [
              33.3757943,
              52.2172704
            ],
            [
              33.3781064,
              52.2182202
            ],
            [
              33.3791631,
              52.2178159
            ],
            [
              33.3808958,
              52.219101
            ],
            [
              33.3804613,
              52.2193409
            ],
            [
              33.3819097,
              52.2203301
            ],
            [
              33.3807267,
              52.2210603
            ],
            [
              33.3801314,
              52.2214277
            ],
            [
              33.3840448,
              52.2229427
            ],
            [
              33.3911097,
              52.2256997
            ],
            [
              33.3899295,
              52.2294752
            ],
            [
              33.3927029,
              52.2297807
            ],
            [
              33.3923757,
              52.230888
            ],
            [
              33.3976757,
              52.2314301
            ],
            [
              33.3938777,
              52.233661
            ],
            [
              33.3931535,
              52.2345283
            ],
            [
              33.393175,
              52.2348141
            ],
            [
              33.3896935,
              52.2377412
            ],
            [
              33.3891571,
              52.2375868
            ],
            [
              33.3874673,
              52.2364338
            ],
            [
              33.3871615,
              52.2361643
            ],
            [
              33.3858365,
              52.2365914
            ],
            [
              33.3849889,
              52.2353923
            ],
            [
              33.3857077,
              52.2351262
            ],
            [
              33.3860671,
              52.2353069
            ],
            [
              33.3866304,
              52.2350047
            ],
            [
              33.3877167,
              52.2340831
            ],
            [
              33.3871266,
              52.2337825
            ],
            [
              33.387309,
              52.2335772
            ],
            [
              33.3871293,
              52.2334967
            ],
            [
              33.3866599,
              52.2334803
            ],
            [
              33.3837765,
              52.232447
            ],
            [
              33.3840877,
              52.2321759
            ],
            [
              33.3836934,
              52.2320347
            ],
            [
              33.3832589,
              52.2323846
            ],
            [
              33.3830336,
              52.23247
            ],
            [
              33.3828217,
              52.2324913
            ],
            [
              33.3826286,
              52.2324651
            ],
            [
              33.3825052,
              52.2324223
            ],
            [
              33.3806223,
              52.2311837
            ],
            [
              33.379367,
              52.2308847
            ],
            [
              33.3770978,
              52.2299187
            ],
            [
              33.3767492,
              52.229945
            ],
            [
              33.3735251,
              52.2286373
            ],
            [
              33.3733964,
              52.2283087
            ],
            [
              33.3713525,
              52.227576
            ],
            [
              33.3712077,
              52.2278651
            ],
            [
              33.3699256,
              52.2276976
            ],
            [
              33.3699042,
              52.2273
            ],
            [
              33.3657145,
              52.2269451
            ],
            [
              33.365095,
              52.2268564
            ],
            [
              33.3649635,
              52.2270437
            ],
            [
              33.3642983,
              52.2268202
            ],
            [
              33.3637619,
              52.2265212
            ],
            [
              33.362453,
              52.2256537
            ],
            [
              33.3630001,
              52.2252627
            ],
            [
              33.3621043,
              52.2243064
            ],
            [
              33.3612674,
              52.2245792
            ],
            [
              33.3603018,
              52.2237051
            ],
            [
              33.3600444,
              52.2228375
            ]
          ]
        ]
      },
      "properties": {
        "name": "Очкино, Зноб-Новгородська селищна громада, Шосткинский район, Сумская область, 41040, Украина",
        "source": "Visicom/OSM"
      }
    },
    {
      "type": "Feature",
      "geometry": {
        "type": "Polygon",
        "coordinates": [
          [
            [
              33.265572,
              51.915689
            ],
            [
              33.266172,
              51.914128
            ],
            [
              33.272996,
              51.912514
            ],
            [
              33.274455,
              51.910318
            ],
            [
              33.278875,
              51.911244
            ],
            [
              33.27909,
              51.912964
            ],
            [
              33.283725,
              51.914075
            ],
            [
              33.283811,
              51.912382
            ],
            [
              33.289261,
              51.909233
            ],
            [
              33.292608,
              51.910635
            ],
            [
              33.294625,
              51.908042
            ],
            [
              33.295956,
              51.908095
            ],
            [
              33.296385,
              51.909445
            ],
            [
              33.296084,
              51.910609
            ],
            [
              33.293509,
              51.91254
            ],
            [
              33.293037,
              51.913202
            ],
            [
              33.293853,
              51.913414
            ],
            [
              33.297286,
              51.913387
            ],
            [
              33.298659,
              51.9109
            ],
            [
              33.299775,
              51.910582
            ],
            [
              33.300848,
              51.910794
            ],
            [
              33.29896,
              51.913916
            ],
            [
              33.301105,
              51.914924
            ],
            [
              33.30132,
              51.914527
            ],
            [
              33.303037,
              51.915162
            ],
            [
              33.304152,
              51.916829
            ],
            [
              33.30471,
              51.917966
            ],
            [
              33.303552,
              51.918522
            ],
            [
              33.30265,
              51.918019
            ],
            [
              33.300462,
              51.915612
            ],
            [
              33.296471,
              51.914157
            ],
            [
              33.292823,
              51.914024
            ],
            [
              33.289905,
              51.915162
            ],
            [
              33.287759,
              51.915109
            ],
            [
              33.287416,
              51.916061
            ],
            [
              33.285656,
              51.917781
            ],
            [
              33.285141,
              51.918733
            ],
            [
              33.279347,
              51.918284
            ],
            [
              33.279262,
              51.91749
            ],
            [
              33.281493,
              51.915109
            ],
            [
              33.279691,
              51.9145
            ],
            [
              33.278961,
              51.915268
            ],
            [
              33.274326,
              51.916061
            ],
            [
              33.268876,
              51.916432
            ],
            [
              33.26879,
              51.915982
            ],
            [
              33.267031,
              51.915823
            ],
            [
              33.265572,
              51.915689
            ]
          ]
        ]
      },
      "properties": {
        "type": "user_drawn_shape"
      }
    },
    {
      "type": "Feature",
      "geometry": {
        "type": "Polygon",
        "coordinates": [
          [
            [
              33.3181,
              51.900392
            ],
            [
              33.338442,
              51.88901
            ],
            [
              33.342733,
              51.884033
            ],
            [
              33.346939,
              51.885145
            ],
            [
              33.336124,
              51.894145
            ],
            [
              33.348827,
              51.886522
            ],
            [
              33.351145,
              51.886733
            ],
            [
              33.352175,
              51.890704
            ],
            [
              33.348913,
              51.890757
            ],
            [
              33.344622,
              51.893351
            ],
            [
              33.340073,
              51.893987
            ],
            [
              33.339128,
              51.895998
            ],
            [
              33.335867,
              51.896686
            ],
            [
              33.335438,
              51.897745
            ],
            [
              33.335781,
              51.905208
            ],
            [
              33.332605,
              51.907431
            ],
            [
              33.327541,
              51.908225
            ],
            [
              33.325653,
              51.908331
            ],
            [
              33.324108,
              51.911718
            ],
            [
              33.322392,
              51.911718
            ],
            [
              33.322821,
              51.910709
            ],
            [
              33.320911,
              51.90805
            ],
            [
              33.322284,
              51.906992
            ],
            [
              33.322005,
              51.906079
            ],
            [
              33.317649,
              51.905787
            ],
            [
              33.314645,
              51.906925
            ],
            [
              33.313808,
              51.905748
            ],
            [
              33.317564,
              51.904769
            ],
            [
              33.317156,
              51.902837
            ],
            [
              33.318894,
              51.902597
            ],
            [
              33.319387,
              51.904
            ],
            [
              33.320696,
              51.903947
            ],
            [
              33.321126,
              51.904688
            ],
            [
              33.322756,
              51.904966
            ],
            [
              33.322928,
              51.904436
            ],
            [
              33.325417,
              51.904185
            ],
            [
              33.325739,
              51.904582
            ],
            [
              33.329043,
              51.90609
            ],
            [
              33.331103,
              51.905746
            ],
            [
              33.331468,
              51.906077
            ],
            [
              33.332927,
              51.90564
            ],
            [
              33.330653,
              51.904344
            ],
            [
              33.330138,
              51.903629
            ],
            [
              33.32634,
              51.902928
            ],
            [
              33.326232,
              51.901062
            ],
            [
              33.327284,
              51.899856
            ],
            [
              33.328099,
              51.899883
            ],
            [
              33.332541,
              51.900888
            ],
            [
              33.332047,
              51.903693
            ],
            [
              33.333378,
              51.904567
            ],
            [
              33.334279,
              51.903641
            ],
            [
              33.333507,
              51.9002
            ],
            [
              33.332391,
              51.900094
            ],
            [
              33.332283,
              51.900332
            ],
            [
              33.330567,
              51.899975
            ],
            [
              33.330696,
              51.899525
            ],
            [
              33.328679,
              51.899261
            ],
            [
              33.328035,
              51.898877
            ],
            [
              33.326683,
              51.899499
            ],
            [
              33.325846,
              51.899433
            ],
            [
              33.322563,
              51.901021
            ],
            [
              33.317971,
              51.901907
            ],
            [
              33.3178,
              51.901325
            ],
            [
              33.320653,
              51.900703
            ],
            [
              33.319945,
              51.900293
            ],
            [
              33.3181,
              51.900392
            ]
          ]
        ]
      },
      "properties": {
        "type": "user_drawn_shape"
      }
    },
    {
      "type": "Feature",
      "geometry": {
        "type": "Polygon",
        "coordinates": [
          [
            [
              33.234243,
              51.863307
            ],
            [
              33.235273,
              51.871782
            ],
            [
              33.229523,
              51.871994
            ],
            [
              33.229437,
              51.875066
            ],
            [
              33.233728,
              51.876337
            ],
            [
              33.236647,
              51.874589
            ],
            [
              33.238707,
              51.869081
            ],
            [
              33.242569,
              51.871994
            ],
            [
              33.251839,
              51.871729
            ],
            [
              33.257847,
              51.873689
            ],
            [
              33.262482,
              51.875383
            ],
            [
              33.261709,
              51.877608
            ],
            [
              33.266945,
              51.877608
            ],
            [
              33.269863,
              51.876072
            ],
            [
              33.273382,
              51.875172
            ],
            [
              33.278446,
              51.872312
            ],
            [
              33.2763,
              51.870935
            ],
            [
              33.272352,
              51.867862
            ],
            [
              33.274412,
              51.866644
            ],
            [
              33.273554,
              51.86426
            ],
            [
              33.273296,
              51.862459
            ],
            [
              33.280506,
              51.862406
            ],
            [
              33.288918,
              51.862936
            ],
            [
              33.292093,
              51.863783
            ],
            [
              33.291922,
              51.862247
            ],
            [
              33.287888,
              51.861294
            ],
            [
              33.282566,
              51.860181
            ],
            [
              33.277245,
              51.860234
            ],
            [
              33.275442,
              51.859174
            ],
            [
              33.270721,
              51.859492
            ],
            [
              33.282652,
              51.854883
            ],
            [
              33.281021,
              51.853876
            ],
            [
              33.269434,
              51.85785
            ],
            [
              33.2763,
              51.850485
            ],
            [
              33.27467,
              51.849372
            ],
            [
              33.269005,
              51.85324
            ],
            [
              33.258533,
              51.854141
            ],
            [
              33.25407,
              51.855254
            ],
            [
              33.246346,
              51.849796
            ],
            [
              33.244028,
              51.850114
            ],
            [
              33.245401,
              51.851068
            ],
            [
              33.246689,
              51.852657
            ],
            [
              33.246689,
              51.854194
            ],
            [
              33.245573,
              51.855784
            ],
            [
              33.247633,
              51.856631
            ],
            [
              33.249693,
              51.857903
            ],
            [
              33.253384,
              51.85732
            ],
            [
              33.253212,
              51.859598
            ],
            [
              33.249779,
              51.860234
            ],
            [
              33.249006,
              51.858751
            ],
            [
              33.246002,
              51.858751
            ],
            [
              33.243341,
              51.859386
            ],
            [
              33.241196,
              51.860287
            ],
            [
              33.241882,
              51.861135
            ],
            [
              33.240337,
              51.862247
            ],
            [
              33.237247,
              51.862353
            ],
            [
              33.235102,
              51.862671
            ],
            [
              33.234243,
              51.863307
            ]
          ]
        ]
      },
      "properties": {
        "type": "user_drawn_shape"
      }
    },
    {
      "type": "Feature",
      "geometry": {
        "type": "Polygon",
        "coordinates": [
          [
            [
              33.127041,
              51.75925
            ],
            [
              33.123693,
              51.760524
            ],
            [
              33.125839,
              51.760896
            ],
            [
              33.124638,
              51.764984
            ],
            [
              33.119917,
              51.767161
            ],
            [
              33.119488,
              51.772151
            ],
            [
              33.122578,
              51.773637
            ],
            [
              33.125925,
              51.771832
            ],
            [
              33.126869,
              51.776875
            ],
            [
              33.127899,
              51.779316
            ],
            [
              33.132534,
              51.780431
            ],
            [
              33.135881,
              51.779475
            ],
            [
              33.135796,
              51.777724
            ],
            [
              33.132191,
              51.776981
            ],
            [
              33.129787,
              51.776609
            ],
            [
              33.128929,
              51.773584
            ],
            [
              33.129444,
              51.77231
            ],
            [
              33.131504,
              51.772363
            ],
            [
              33.130646,
              51.771142
            ],
            [
              33.130817,
              51.769496
            ],
            [
              33.131332,
              51.767373
            ],
            [
              33.131075,
              51.765409
            ],
            [
              33.130131,
              51.763338
            ],
            [
              33.128328,
              51.76647
            ],
            [
              33.127728,
              51.762648
            ],
            [
              33.128328,
              51.760524
            ],
            [
              33.1285,
              51.759197
            ],
            [
              33.128242,
              51.758216
            ],
            [
              33.127406,
              51.758256
            ],
            [
              33.127105,
              51.75888
            ],
            [
              33.127041,
              51.75925
            ]
          ]
        ]
      },
      "properties": {
        "type": "user_drawn_shape"
      }
    },
    {
      "type": "Feature",
      "geometry": {
        "type": "Polygon",
        "coordinates": [
          [
            [
              33.756437,
              51.758075
            ],
            [
              33.767338,
              51.75781
            ],
            [
              33.773603,
              51.758288
            ],
            [
              33.772745,
              51.763226
            ],
            [
              33.788624,
              51.761049
            ],
            [
              33.789997,
              51.765615
            ],
            [
              33.801756,
              51.764288
            ],
            [
              33.812742,
              51.767685
            ],
            [
              33.818064,
              51.766995
            ],
            [
              33.818665,
              51.764872
            ],
            [
              33.815746,
              51.76227
            ],
            [
              33.809652,
              51.761792
            ],
            [
              33.808451,
              51.757544
            ],
            [
              33.803129,
              51.758075
            ],
            [
              33.799353,
              51.750906
            ],
            [
              33.801413,
              51.749951
            ],
            [
              33.799267,
              51.746605
            ],
            [
              33.796864,
              51.747029
            ],
            [
              33.795662,
              51.750429
            ],
            [
              33.791113,
              51.750429
            ],
            [
              33.78931,
              51.743258
            ],
            [
              33.786564,
              51.743258
            ],
            [
              33.787766,
              51.747454
            ],
            [
              33.786306,
              51.749897
            ],
            [
              33.785963,
              51.751331
            ],
            [
              33.785191,
              51.752659
            ],
            [
              33.776951,
              51.75096
            ],
            [
              33.774376,
              51.749368
            ],
            [
              33.775406,
              51.748678
            ],
            [
              33.769999,
              51.745013
            ],
            [
              33.769312,
              51.746288
            ],
            [
              33.773003,
              51.749846
            ],
            [
              33.771715,
              51.750962
            ],
            [
              33.769827,
              51.750749
            ],
            [
              33.765879,
              51.751758
            ],
            [
              33.764076,
              51.752449
            ],
            [
              33.766222,
              51.753511
            ],
            [
              33.764763,
              51.755582
            ],
            [
              33.759184,
              51.75452
            ],
            [
              33.756952,
              51.756113
            ],
            [
              33.756437,
              51.758075
            ]
          ]
        ]
      },
      "properties": {
        "type": "user_drawn_shape"
      }
    },
    {
      "type": "Feature",
      "geometry": {
        "type": "Polygon",
        "coordinates": [
          [
            [
              33.854198,
              51.741294
            ],
            [
              33.849907,
              51.745862
            ],
            [
              33.855057,
              51.744694
            ],
            [
              33.85746,
              51.749049
            ],
            [
              33.857632,
              51.752706
            ],
            [
              33.859005,
              51.753343
            ],
            [
              33.862782,
              51.747395
            ],
            [
              33.869905,
              51.741765
            ],
            [
              33.875399,
              51.736984
            ],
            [
              33.877888,
              51.732408
            ],
            [
              33.885956,
              51.722525
            ],
            [
              33.885441,
              51.721035
            ],
            [
              33.883038,
              51.720344
            ],
            [
              33.882866,
              51.718963
            ],
            [
              33.880978,
              51.719122
            ],
            [
              33.879347,
              51.720398
            ],
            [
              33.876514,
              51.721407
            ],
            [
              33.873339,
              51.723586
            ],
            [
              33.871536,
              51.722151
            ],
            [
              33.869562,
              51.722948
            ],
            [
              33.867331,
              51.725021
            ],
            [
              33.86673,
              51.7289
            ],
            [
              33.86673,
              51.730494
            ],
            [
              33.864326,
              51.730334
            ],
            [
              33.862524,
              51.729909
            ],
            [
              33.862438,
              51.728475
            ],
            [
              33.859692,
              51.728687
            ],
            [
              33.856945,
              51.72959
            ],
            [
              33.857288,
              51.731184
            ],
            [
              33.859005,
              51.731928
            ],
            [
              33.858662,
              51.733363
            ],
            [
              33.856173,
              51.733469
            ],
            [
              33.854628,
              51.73416
            ],
            [
              33.857031,
              51.735116
            ],
            [
              33.854885,
              51.735382
            ],
            [
              33.855143,
              51.737082
            ],
            [
              33.856151,
              51.736627
            ],
            [
              33.855572,
              51.737755
            ],
            [
              33.855228,
              51.738968
            ],
            [
              33.85746,
              51.739526
            ],
            [
              33.854156,
              51.740748
            ],
            [
              33.854198,
              51.741294
            ]
          ]
        ]
      },
      "properties": {
        "type": "user_drawn_shape"
      }
    },
    {
      "type": "Feature",
      "geometry": {
        "type": "Polygon",
        "coordinates": [
          [
            [
              33.670778,
              52.008044
            ],
            [
              33.671293,
              52.012744
            ],
            [
              33.674212,
              52.014064
            ],
            [
              33.673954,
              52.026575
            ],
            [
              33.673267,
              52.029003
            ],
            [
              33.676014,
              52.029267
            ],
            [
              33.678503,
              52.030586
            ],
            [
              33.677559,
              52.039452
            ],
            [
              33.681164,
              52.038186
            ],
            [
              33.683224,
              52.035178
            ],
            [
              33.685455,
              52.032644
            ],
            [
              33.689747,
              52.031008
            ],
            [
              33.690434,
              52.028897
            ],
            [
              33.694038,
              52.030586
            ],
            [
              33.695068,
              52.028792
            ],
            [
              33.690348,
              52.026944
            ],
            [
              33.691807,
              52.025995
            ],
            [
              33.690691,
              52.023936
            ],
            [
              33.68906,
              52.022616
            ],
            [
              33.691463,
              52.021191
            ],
            [
              33.693953,
              52.019343
            ],
            [
              33.694725,
              52.017285
            ],
            [
              33.694811,
              52.015226
            ],
            [
              33.692923,
              52.013906
            ],
            [
              33.687687,
              52.014381
            ],
            [
              33.686657,
              52.01285
            ],
            [
              33.686314,
              52.010526
            ],
            [
              33.683481,
              52.010104
            ],
            [
              33.681507,
              52.011054
            ],
            [
              33.678761,
              52.01021
            ],
            [
              33.676014,
              52.00947
            ],
            [
              33.674212,
              52.008573
            ],
            [
              33.672752,
              52.007728
            ],
            [
              33.670778,
              52.008044
            ]
          ]
        ]
      },
      "properties": {
        "type": "user_drawn_shape"
      }
    },
    {
      "type": "Feature",
      "geometry": {
        "type": "Polygon",
        "coordinates": [
          [
            [
              33.538942,
              52.057301
            ],
            [
              33.536625,
              52.058804
            ],
            [
              33.53611,
              52.06094
            ],
            [
              33.535295,
              52.062338
            ],
            [
              33.536367,
              52.064342
            ],
            [
              33.538642,
              52.065186
            ],
            [
              33.540959,
              52.065792
            ],
            [
              33.53641,
              52.067243
            ],
            [
              33.536925,
              52.068561
            ],
            [
              33.541002,
              52.068034
            ],
            [
              33.54229,
              52.067295
            ],
            [
              33.54435,
              52.068666
            ],
            [
              33.54495,
              52.069405
            ],
            [
              33.546195,
              52.068983
            ],
            [
              33.545723,
              52.067823
            ],
            [
              33.54701,
              52.067612
            ],
            [
              33.548126,
              52.067163
            ],
            [
              33.550401,
              52.065819
            ],
            [
              33.553147,
              52.065924
            ],
            [
              33.555293,
              52.066557
            ],
            [
              33.555465,
              52.06545
            ],
            [
              33.552761,
              52.064553
            ],
            [
              33.550186,
              52.064395
            ],
            [
              33.548169,
              52.062628
            ],
            [
              33.546925,
              52.06218
            ],
            [
              33.545079,
              52.062496
            ],
            [
              33.544822,
              52.061336
            ],
            [
              33.545852,
              52.060861
            ],
            [
              33.548083,
              52.061389
            ],
            [
              33.548641,
              52.061072
            ],
            [
              33.547397,
              52.060439
            ],
            [
              33.546281,
              52.060123
            ],
            [
              33.544521,
              52.060044
            ],
            [
              33.543406,
              52.060202
            ],
            [
              33.542504,
              52.060228
            ],
            [
              33.541045,
              52.059279
            ],
            [
              33.54023,
              52.058171
            ],
            [
              33.541474,
              52.058092
            ],
            [
              33.547225,
              52.056772
            ],
            [
              33.549371,
              52.056561
            ],
            [
              33.551559,
              52.056693
            ],
            [
              33.553534,
              52.056218
            ],
            [
              33.556194,
              52.056034
            ],
            [
              33.5601,
              52.055928
            ],
            [
              33.562288,
              52.056192
            ],
            [
              33.562846,
              52.056245
            ],
            [
              33.562031,
              52.055506
            ],
            [
              33.559971,
              52.05519
            ],
            [
              33.557138,
              52.05519
            ],
            [
              33.55525,
              52.05519
            ],
            [
              33.553877,
              52.055058
            ],
            [
              33.552289,
              52.055638
            ],
            [
              33.550401,
              52.056113
            ],
            [
              33.548427,
              52.05577
            ],
            [
              33.546152,
              52.056034
            ],
            [
              33.543749,
              52.056614
            ],
            [
              33.541689,
              52.056878
            ],
            [
              33.540015,
              52.0573
            ],
            [
              33.538942,
              52.057301
            ]
          ]
        ]
      },
      "properties": {
        "type": "user_drawn_shape"
      }
    },
    {
      "type": "Feature",
      "geometry": {
        "type": "Polygon",
        "coordinates": [
          [
            [
              33.547697,
              51.897593
            ],
            [
              33.544865,
              51.899922
            ],
            [
              33.551216,
              51.901245
            ],
            [
              33.555937,
              51.902568
            ],
            [
              33.55937,
              51.904156
            ],
            [
              33.563318,
              51.905638
            ],
            [
              33.566322,
              51.908126
            ],
            [
              33.565807,
              51.914052
            ],
            [
              33.566322,
              51.91892
            ],
            [
              33.568125,
              51.919026
            ],
            [
              33.568296,
              51.916751
            ],
            [
              33.568554,
              51.913841
            ],
            [
              33.56864,
              51.911089
            ],
            [
              33.56864,
              51.908178
            ],
            [
              33.570271,
              51.90749
            ],
            [
              33.572845,
              51.907967
            ],
            [
              33.576279,
              51.909396
            ],
            [
              33.577824,
              51.908972
            ],
            [
              33.576536,
              51.907279
            ],
            [
              33.571472,
              51.90585
            ],
            [
              33.56658,
              51.904791
            ],
            [
              33.566923,
              51.903892
            ],
            [
              33.570013,
              51.903892
            ],
            [
              33.570871,
              51.903574
            ],
            [
              33.566837,
              51.90241
            ],
            [
              33.565722,
              51.901563
            ],
            [
              33.56452,
              51.900081
            ],
            [
              33.56246,
              51.899022
            ],
            [
              33.5604,
              51.898863
            ],
            [
              33.558168,
              51.897593
            ],
            [
              33.556881,
              51.896058
            ],
            [
              33.553619,
              51.894575
            ],
            [
              33.551474,
              51.896111
            ],
            [
              33.55216,
              51.898016
            ],
            [
              33.548985,
              51.89701
            ],
            [
              33.547697,
              51.897593
            ]
          ]
        ]
      },
      "properties": {
        "type": "user_drawn_shape"
      }
    },
    {
      "type": "Feature",
      "geometry": {
        "type": "Polygon",
        "coordinates": [
          [
            [
              33.916168,
              52.0294
            ],
            [
              33.913422,
              52.041327
            ],
            [
              33.919601,
              52.050085
            ],
            [
              33.919945,
              52.057259
            ],
            [
              33.923378,
              52.062428
            ],
            [
              33.928871,
              52.071287
            ],
            [
              33.942089,
              52.0696
            ],
            [
              33.95256,
              52.061478
            ],
            [
              33.96595,
              52.064115
            ],
            [
              33.970242,
              52.059896
            ],
            [
              33.96286,
              52.053145
            ],
            [
              33.96904,
              52.046392
            ],
            [
              33.972988,
              52.041854
            ],
            [
              33.96595,
              52.038372
            ],
            [
              33.965778,
              52.036789
            ],
            [
              33.965263,
              52.033306
            ],
            [
              33.961315,
              52.030245
            ],
            [
              33.953934,
              52.028661
            ],
            [
              33.945694,
              52.03035
            ],
            [
              33.941059,
              52.028239
            ],
            [
              33.926811,
              52.032778
            ],
            [
              33.916168,
              52.0294
            ]
          ]
        ]
      },
      "properties": {
        "type": "user_drawn_shape"
      }
    },
    {
      "type": "Feature",
      "geometry": {
        "type": "Polygon",
        "coordinates": [
          [
            [
              34.083366,
              51.566633
            ],
            [
              34.070148,
              51.574844
            ],
            [
              34.093838,
              51.588597
            ],
            [
              34.100018,
              51.580921
            ],
            [
              34.129543,
              51.584652
            ],
            [
              34.13023,
              51.573671
            ],
            [
              34.144478,
              51.56162
            ],
            [
              34.143963,
              51.558313
            ],
            [
              34.149456,
              51.554793
            ],
            [
              34.151173,
              51.550312
            ],
            [
              34.149799,
              51.546258
            ],
            [
              34.14362,
              51.545298
            ],
            [
              34.133663,
              51.549779
            ],
            [
              34.127655,
              51.5533
            ],
            [
              34.1292,
              51.5549
            ],
            [
              34.111691,
              51.571005
            ],
            [
              34.107399,
              51.568659
            ],
            [
              34.097614,
              51.571751
            ],
            [
              34.083366,
              51.566633
            ]
          ]
        ]
      },
      "properties": {
        "type": "user_drawn_shape"
      }
    },
    {
      "type": "Feature",
      "geometry": {
        "type": "Polygon",
        "coordinates": [
          [
            [
              33.536196,
              52.184678
            ],
            [
              33.549414,
              52.18573
            ],
            [
              33.551044,
              52.18736
            ],
            [
              33.54332,
              52.187044
            ],
            [
              33.546495,
              52.188254
            ],
            [
              33.545294,
              52.189937
            ],
            [
              33.549328,
              52.188622
            ],
            [
              33.550186,
              52.189411
            ],
            [
              33.548298,
              52.1902
            ],
            [
              33.550444,
              52.191146
            ],
            [
              33.547697,
              52.192356
            ],
            [
              33.548813,
              52.193723
            ],
            [
              33.553877,
              52.192093
            ],
            [
              33.55525,
              52.191252
            ],
            [
              33.559027,
              52.193092
            ],
            [
              33.560228,
              52.191409
            ],
            [
              33.55937,
              52.1902
            ],
            [
              33.561859,
              52.188885
            ],
            [
              33.564177,
              52.187938
            ],
            [
              33.567009,
              52.186571
            ],
            [
              33.567781,
              52.185414
            ],
            [
              33.565207,
              52.184309
            ],
            [
              33.564434,
              52.182521
            ],
            [
              33.562546,
              52.181101
            ],
            [
              33.563232,
              52.179207
            ],
            [
              33.563576,
              52.176893
            ],
            [
              33.565378,
              52.177051
            ],
            [
              33.56452,
              52.175209
            ],
            [
              33.564262,
              52.174157
            ],
            [
              33.560658,
              52.175735
            ],
            [
              33.557396,
              52.175315
            ],
            [
              33.554306,
              52.174315
            ],
            [
              33.552246,
              52.172474
            ],
            [
              33.549757,
              52.17179
            ],
            [
              33.547955,
              52.174631
            ],
            [
              33.553362,
              52.175735
            ],
            [
              33.557053,
              52.17684
            ],
            [
              33.554821,
              52.179944
            ],
            [
              33.548555,
              52.178997
            ],
            [
              33.547955,
              52.180207
            ],
            [
              33.55113,
              52.181048
            ],
            [
              33.55113,
              52.182521
            ],
            [
              33.545895,
              52.181732
            ],
            [
              33.540831,
              52.180838
            ],
            [
              33.540058,
              52.181943
            ],
            [
              33.550787,
              52.183573
            ],
            [
              33.550787,
              52.184941
            ],
            [
              33.536539,
              52.183573
            ],
            [
              33.536196,
              52.184678
            ]
          ]
        ]
      },
      "properties": {
        "type": "user_drawn_shape"
      }
    },
    {
      "type": "Feature",
      "geometry": {
        "type": "Polygon",
        "coordinates": [
          [
            [
              33.717813,
              52.090066
            ],
            [
              33.733349,
              52.096864
            ],
            [
              33.725281,
              52.100817
            ],
            [
              33.732834,
              52.105717
            ],
            [
              33.738756,
              52.097918
            ],
            [
              33.745108,
              52.095916
            ],
            [
              33.756351,
              52.085216
            ],
            [
              33.760815,
              52.085638
            ],
            [
              33.764935,
              52.084267
            ],
            [
              33.757124,
              52.098972
            ],
            [
              33.75927,
              52.100342
            ],
            [
              33.763475,
              52.093333
            ],
            [
              33.76811,
              52.085005
            ],
            [
              33.770428,
              52.082686
            ],
            [
              33.771029,
              52.081368
            ],
            [
              33.767252,
              52.08121
            ],
            [
              33.765192,
              52.083213
            ],
            [
              33.762531,
              52.082528
            ],
            [
              33.759613,
              52.083002
            ],
            [
              33.759785,
              52.081104
            ],
            [
              33.760042,
              52.079576
            ],
            [
              33.757296,
              52.07947
            ],
            [
              33.754292,
              52.081895
            ],
            [
              33.753519,
              52.084531
            ],
            [
              33.750944,
              52.08627
            ],
            [
              33.745708,
              52.084267
            ],
            [
              33.742962,
              52.080366
            ],
            [
              33.741245,
              52.081052
            ],
            [
              33.742704,
              52.083635
            ],
            [
              33.745365,
              52.085374
            ],
            [
              33.740816,
              52.091436
            ],
            [
              33.74176,
              52.092859
            ],
            [
              33.744593,
              52.092806
            ],
            [
              33.742361,
              52.095494
            ],
            [
              33.738155,
              52.096548
            ],
            [
              33.734894,
              52.095231
            ],
            [
              33.729143,
              52.092806
            ],
            [
              33.723993,
              52.090751
            ],
            [
              33.719273,
              52.088801
            ],
            [
              33.717813,
              52.090066
            ]
          ]
        ]
      },
      "properties": {
        "type": "user_drawn_shape"
      }
    }
  ]
}